,danceability,energy,loudness,speechiness,instrumentalness,valence,tempo,acousticness,key,mode,time_signature,id
0,0.552,0.702,-5.707,0.157,2.06e-05,0.564,169.994,0.117,9,1,4,1BxfuPKGuaTgP7aM0Bbdwr
1,0.514,0.73,-5.934,0.0598,9.54e-05,0.334,171.005,0.00146,1,1,4,0VjIjW4GlUZAMYd2vXMi3b
2,0.671,0.845,-4.93,0.048,0.0,0.775,110.056,0.0207,11,0,4,1vYXt7VSjH9JIM5oRRo7vA
3,0.561,0.965,-3.673,0.0343,7.07e-06,0.304,128.04,0.00383,7,0,4,4uUG5RXrOk84mYEfFvj3cK
4,0.704,0.797,-5.927,0.0475,0.000745,0.825,139.994,0.0826,0,1,4,4h9wh7iOZ0GGn8QVp4RAOB
5,0.671,0.876,-5.681,0.0352,0.188,0.964,129.998,0.12,7,0,4,23RoR84KodL5HWvUTneQ1w
6,0.838,0.569,-6.324,0.0621,0.000136,0.551,136.965,0.152,5,0,4,0HD8mbiPjp3o94X3EaZp0o
7,0.548,0.816,-4.209,0.0465,0.0,0.557,95.39,0.122,0,1,4,6UelLqGlWMcVH1E5c4H7lY
8,0.498,0.897,-4.907,0.045,0.0,0.373,169.902,0.00136,2,1,4,5w40ZYhbBMAlHYNDaVJIUu
9,0.788,0.859,-2.724,0.0856,0.0,0.822,141.02,0.281,2,1,4,50nfwKoDiSYg8zOCREWAm5
10,0.602,0.91,-3.404,0.0308,0.000174,0.228,127.944,0.00126,7,1,4,3BKD1PwArikchz2Zrlp1qi
11,0.77,0.58,-8.393,0.247,0.000127,0.753,144.072,0.519,0,1,4,741UUVE2kuITl0c6zuqqbO
12,0.743,0.837,-7.634,0.0633,2.86e-05,0.378,126.023,0.00288,5,0,4,4ZnkygoWLzcGbQYCm3lkae
13,0.856,0.609,-7.223,0.0824,8.15e-05,0.928,114.988,0.00801,0,1,4,32OlwWuMpZ6b0aN2RZOeMS
14,0.61,0.571,-5.649,0.0782,0.0,0.747,105.01,0.00863,2,1,4,6iF4RgIjDvDqyW13PezSj3
15,0.838,0.525,-3.562,0.0665,1.92e-06,0.884,144.981,0.345,10,1,4,0QHEIqNKsMoOY5urbzN48u
16,0.762,0.766,-3.955,0.0343,6.98e-05,0.442,130.001,0.00776,7,1,4,5fwSHlTEWpluwOM0Sxnh5k
17,0.697,0.683,-2.881,0.117,0.0,0.603,96.133,0.0372,1,0,4,2BgEsaKNfHUdlh97KmvFyo
18,0.771,0.671,-5.617,0.0553,0.0,0.714,85.026,0.00929,2,1,4,6RRNNciQGZEXnqk8SQ9yv5
19,0.677,0.696,-6.181,0.119,0.0,0.464,90.03,0.321,0,1,4,4iJyoBOLtHqaGxP12qzhQI
20,0.647,0.822,-4.662,0.183,0.0,0.962,160.019,0.219,5,0,4,60nZcImufyMA1MKQY3dcCH
21,0.746,0.765,-4.41,0.0993,0.0,0.737,114.044,0.0112,6,0,4,5QDLhrAOJJdNAmCTJ8xMyW
22,0.637,0.69,-4.057,0.0405,0.0,0.457,129.857,0.00786,1,0,4,7a53HqqArd4b9NF4XAmlbI
23,0.717,0.455,-8.303,0.0276,0.0,0.389,127.812,0.0846,5,1,4,2ixsaeFioXJmMgkkbd4uj1
24,0.898,0.732,-3.982,0.0427,1.29e-05,0.96,115.955,0.621,7,1,4,6maTPqynTmrkWIralgGaoP
25,0.737,0.846,-4.51,0.22,0.0,0.546,87.981,0.00614,1,0,4,0e8nrvls4Qqv5Rfa2UhqmO
26,0.461,0.834,-4.868,0.0989,1.14e-05,0.471,135.007,0.0232,2,1,4,6PCUP3dWmTjcTtXY02oFdT
27,0.673,0.902,-2.392,0.0346,0.000262,0.538,100.012,0.0591,2,1,4,5Hroj5K7vLpIG4FNCRIjbP
28,0.842,0.734,-5.065,0.0588,0.0,0.952,137.958,0.0427,1,0,4,22vgEDb5hykfaTwLuskFGD
29,0.824,0.862,-3.424,0.126,0.000132,0.801,122.98,0.0076,2,1,4,4cG7HUWYHBV6R6tHn1gxrl
30,0.588,0.701,-6.39,0.0402,0.0,0.443,104.988,0.00813,9,1,4,3FeVmId7tL5YN8B7R3imoM
31,0.652,0.879,-6.405,0.0784,0.0896,0.789,173.925,0.00284,0,1,4,5VxmI3IdgAxWVvUnJoLuY2
32,0.758,0.913,-2.926,0.113,6.92e-05,0.658,128.04,0.00364,6,0,4,0b18g3G5spr4ZCkz7Y6Q0Q
33,0.61,0.83,-4.105,0.0571,0.0,0.728,182.162,0.033,0,1,4,2Rk4JlNc2TPmZe2af99d45
34,0.593,0.503,-6.725,0.22,0.0,0.71,178.781,0.293,8,0,4,1SC5rEoYDGUK4NfG82494W
35,0.912,0.774,-4.673,0.0455,0.0127,0.632,119.966,0.121,0,0,4,10xV5l9nhLvFpR8mqzs0bL
36,0.697,0.875,-4.621,0.034,0.0,0.774,140.069,0.137,5,1,4,5r43qanLhUCdBj8HN3fa6B
37,0.759,0.54,-6.039,0.0287,0.0,0.75,116.947,0.037,9,0,4,0TK2YIli7K1leLovkQiNik
38,0.662,0.821,-4.103,0.13,0.0,0.47,124.077,0.202,2,0,4,6pb5DtlAeG95dNQLHiArRU
39,0.734,0.874,-3.158,0.0662,1.14e-05,0.905,122.953,0.168,8,1,4,6cx06DFPPHchuUAcTxznu9
40,0.675,0.986,-4.606,0.0974,4.96e-06,0.57,126.004,0.0868,9,0,4,00E0Z2jrF7reoHps4zcbWQ
41,0.699,0.529,-7.548,0.0487,3.59e-05,0.121,119.987,0.0317,2,1,4,3DmW6y7wTEYHJZlLo1r6XJ
42,0.954,0.516,-5.817,0.16,7.54e-06,0.624,105.001,0.03,6,1,4,6UN73IYd0hZxLi8wFPMQij
43,0.735,0.812,-4.417,0.151,0.0,0.584,109.829,0.528,2,1,4,2z9iuAxKv4TTeCrPAxxKg9
44,0.762,0.701,-3.541,0.0286,0.000158,0.742,110.968,0.235,8,1,4,748mdHapucXQri7IAO8yFK
45,0.601,0.713,-3.758,0.0449,0.0,0.464,122.872,0.0282,4,0,4,1WCEAGGRD066z2Q89ObXTq
46,0.759,0.459,-5.187,0.0948,0.0,0.695,109.997,0.00323,8,1,4,6jjYDGxVJsWS0a5wlVF5vS
47,0.756,0.697,-6.377,0.0401,0.0,0.956,94.996,0.182,8,1,4,0QBzMgT7NIeoCYy3sJCof1
48,0.763,0.782,-4.541,0.0346,7.08e-06,0.502,127.034,0.182,7,0,4,3sa06xVNmLLYIxdNNmVQN8
49,0.57,0.756,-3.394,0.0257,0.0,0.72,91.972,0.0497,5,1,4,5FQ77Cl1ndljtwwImdtjMy
50,0.787,0.833,-4.403,0.0478,0.00747,0.796,123.97,0.018,8,1,4,6Dy1jexKYriXAVG6evyUTJ
51,0.667,0.75,-4.602,0.0906,0.000198,0.486,126.041,0.0746,0,1,4,72yP0DUlWPyH8P7IoxskwN
52,0.824,0.587,-6.401,0.0937,0.000105,0.514,98.029,0.69,6,0,4,2N8m6CYs74qQO4mjVcXO30
53,0.798,0.675,-5.041,0.0442,0.0,0.842,101.956,0.0912,6,1,4,3HVWdVOQ0ZA45FuZGSfvns
54,0.693,0.678,-7.159,0.0324,5.71e-06,0.404,103.952,0.0151,8,1,4,6oJ6le65B3SEqPwMRNXWjY
55,0.774,0.792,-4.021,0.0523,0.0,0.507,122.062,0.051,10,1,4,3eJH2nAjvNXdmPfBkALiPZ
56,0.794,0.793,-4.521,0.0842,0.0,0.677,123.941,0.0125,11,0,4,6WrI0LAC5M1Rw2MnX2ZvEg
57,0.744,0.621,-7.931,0.242,0.00119,0.701,128.105,0.216,5,1,4,44MuEHdlociG8KjhPhOVw5
58,0.701,0.88,-4.56,0.0358,7.33e-06,0.623,124.039,0.182,10,0,4,4q05KbxYZ5JdkmrletgPjF
59,0.72,0.715,-4.652,0.04,0.0568,0.357,107.041,0.258,11,1,4,5LYMamLv12UPbemOaTPyeV
60,0.836,0.743,-6.305,0.0656,0.0,0.722,108.966,0.0995,10,0,4,1PckUlxKqWQs3RlWXVBLw3
61,0.736,0.754,-5.457,0.0443,0.000599,0.648,128.046,0.033,4,1,4,3xY5aYJcdvZX9xQxNd02ku
62,0.745,0.694,-7.519,0.128,0.0,0.74,95.924,0.0962,8,1,4,4x2rgtSFOI4hRvEvDj02KP
63,0.614,0.934,-3.709,0.07,0.0,0.436,116.001,0.0697,9,0,4,1KixkQVDUHggZMU9dUobgm
64,0.789,0.711,-4.248,0.041,0.0,0.753,112.985,0.0332,2,1,4,59qrUpoplZxbIZxk6X0Bm3
65,0.664,0.316,-10.345,0.519,2.03e-06,0.541,92.875,0.298,5,1,4,43rA71bccXFGD4C8GOpIlN
66,0.717,0.671,-5.077,0.0337,2.54e-06,0.699,110.054,0.0018,0,0,4,6f5ExP43esnvdKPddwKXJH
67,0.659,0.615,-5.865,0.0644,0.0,0.193,119.843,0.27,11,0,4,4GSDkZt7GcmzBWmsMcpaVO
68,0.563,0.908,-4.25,0.0868,0.0,0.171,125.972,0.0696,4,0,4,14LdhxElpZS0rKVV4nxtdA
69,0.715,0.738,-4.42,0.0577,0.0,0.36,160.07,0.00199,2,1,4,1mFpMoeZfkIqtqW2AfQ8ba
70,0.612,0.862,-2.903,0.037,0.0,0.354,123.849,0.041,8,1,4,4laAKIq9ZxBCwf99rauPYb
71,0.595,0.784,-4.878,0.102,0.0,0.479,124.111,0.216,1,1,4,5K6Ssv4Z3zRvxt0P6EKUAP
72,0.815,0.518,-6.594,0.0897,0.0,0.877,151.891,0.223,7,0,4,1tNJrcVe6gwLEiZCtprs1u
73,0.568,0.824,-4.613,0.0299,0.0,0.753,108.625,0.403,9,1,4,5Ts1DYOuouQLgzTaisxWYh
74,0.669,0.832,-5.721,0.0682,0.0,0.7,113.035,0.0106,0,1,4,1WkMMavIMc4JZ8cfMmxHkI
75,0.399,0.491,-10.778,0.0538,0.00089,0.151,91.066,0.0563,6,0,4,6AGOKlMZWLCaEJGnaROtF9
76,0.776,0.808,-4.501,0.117,0.000127,0.494,123.988,0.0297,11,1,4,0z8hI3OPS8ADPWtoCjjLl6
77,0.585,0.519,-10.641,0.0858,0.000185,0.526,128.05,0.324,1,1,4,6ofFq0aQ8aXG73pjfFKwFv
78,0.731,0.626,-6.919,0.0805,0.0,0.862,82.488,0.125,11,1,4,1sx0XsWUusUoPstbvokZjP
79,0.748,0.841,-5.08,0.177,1.33e-06,0.717,123.045,0.00445,7,1,4,5pNFibJLq7dvoDVIIcQBkn
80,0.698,0.895,-4.439,0.0628,1.45e-05,0.838,114.914,0.172,0,1,4,3i0FkJYlU4MFfYkjFHXXAM
81,0.672,0.855,-3.764,0.0397,0.0,0.646,123.056,0.021,9,1,4,24ySl2hOPGCDcxBxFIqWBu
82,0.721,0.769,-4.111,0.105,0.0,0.915,155.932,0.0922,7,1,4,2rmwqU7yzTvzkiaRV53DpT
83,0.769,0.479,-5.339,0.0385,0.0,0.803,96.051,0.66,1,1,4,2Yer0p7uB2lVBUAtANuuQp
84,0.647,0.765,-6.459,0.06,0.0,0.855,79.994,0.111,1,1,4,58UKC45GPNTflCN6nwCUeF
85,0.575,0.571,-7.906,0.0439,0.0,0.449,105.049,0.0558,1,1,4,4NBTZtAt1F13VvlSKe6KTl
86,0.88,0.483,-7.012,0.0505,8.68e-06,0.827,124.009,0.0185,1,1,4,2MlOUXmcofMackX3bxfSwi
87,0.893,0.851,-5.342,0.0979,6.49e-05,0.959,110.002,0.145,3,0,4,6MZi5j60L80SZLBxN0bv8s
88,0.814,0.628,-7.178,0.221,0.0,0.677,123.977,0.167,7,1,4,7mFj0LlWtEJaEigguaWqYh
89,0.852,0.698,-7.206,0.0629,1.03e-06,0.324,113.039,0.00839,9,1,4,4wNIkl5XGiAACjFBlDWuSd
90,0.64,0.648,-8.113,0.187,0.0,0.548,92.977,0.124,5,0,4,4evmHXcjt3bTUHD1cvny97
91,0.681,0.657,-4.671,0.0432,0.0,0.628,130.089,0.0748,6,1,4,2Xnv3GntqbBH1juvUYSpHG
92,0.716,0.963,-3.097,0.0931,0.0,0.707,124.97,0.0344,0,0,4,2LCd6P35jFyZ9SN37o9D2q
93,0.682,0.72,-8.173,0.0381,0.0,0.673,117.003,0.326,11,0,4,2UbVnbE5FH6008mAm6Mmgw
94,0.507,0.828,-6.023,0.0449,2.44e-05,0.489,178.032,0.00711,10,1,4,0939D7aT18uBDS2MTjWzct
95,0.862,0.753,-5.356,0.0625,2.01e-06,0.827,105.039,0.131,5,1,4,7MC4XR9M9amdmKQr2iDF7i
96,0.677,0.766,-6.896,0.0568,6.81e-06,0.198,123.062,0.0219,6,1,4,51Of5p3lKZeOg6itfs4og4
97,0.737,0.747,-4.818,0.0323,0.0,0.447,105.943,0.269,10,1,4,1ZLrDPgR7mvuTco3rQK8Pk
98,0.673,0.704,-8.056,0.36,0.0,0.372,86.919,0.196,6,1,4,5u1n1kITHCxxp8twBcZxWy
99,0.708,0.598,-8.365,0.0291,0.0,0.698,112.027,0.037,5,1,4,7jvCeWOSnJs2N3spqobWnO
0,0.514,0.73,-5.934,0.0598,9.54e-05,0.334,171.005,0.00146,1,1,4,0VjIjW4GlUZAMYd2vXMi3b
1,0.561,0.965,-3.673,0.0343,7.07e-06,0.304,128.04,0.00383,7,0,4,4uUG5RXrOk84mYEfFvj3cK
2,0.704,0.797,-5.927,0.0475,0.000745,0.825,139.994,0.0826,0,1,4,4h9wh7iOZ0GGn8QVp4RAOB
3,0.726,0.698,-4.165,0.0431,0.0,0.867,143.994,0.049,5,1,4,3w3y8KPTfNeOKPiqUTakBh
4,0.792,0.625,-5.609,0.0536,0.0018,0.37,103.967,0.00776,1,1,4,1zi7xx7UVEFkmKfv06H8x0
5,0.486,0.617,-7.115,0.0287,3.23e-06,0.417,138.015,0.0954,5,0,4,1mea3bSkSGXuIRvnydlB5b
6,0.825,0.652,-3.183,0.0802,0.0,0.931,95.977,0.581,1,0,4,7qiZfU4dY1lWllzX7mPBI3
7,0.548,0.816,-4.209,0.0465,0.0,0.557,95.39,0.122,0,1,4,6UelLqGlWMcVH1E5c4H7lY
8,0.664,0.705,-4.972,0.0382,0.0,0.477,122.016,0.0654,1,0,4,2tpWsVSb9UEmDRxAl1zhX1
9,0.866,0.813,-4.063,0.0554,0.0,0.969,121.998,0.38,11,0,4,7JJmb5XwzOO8jgpou264Ml
10,0.545,0.675,-6.474,0.0279,0.00197,0.162,124.97,0.00617,6,1,4,0FDzzruyVECATHXKHFs9eJ
11,0.527,0.835,-5.298,0.0433,0.0,0.654,125.983,0.0166,6,1,4,0ct6r3EGTcMLPtrXHDvVjc
12,0.778,0.824,-5.892,0.0707,0.0,0.758,100.024,0.284,10,0,4,3ZFTkvIE7kyPt6Nu3PEa7V
13,0.635,0.841,-5.379,0.0422,0.0,0.424,109.021,0.0134,5,1,4,7BqBn9nzAq8spo5e7cZ0dJ
14,0.791,0.862,-3.24,0.11,2.19e-05,0.592,123.994,0.037,9,0,4,7ef4DlsgrMEH11cDZd32M6
15,0.788,0.859,-2.724,0.0856,0.0,0.822,141.02,0.281,2,1,4,50nfwKoDiSYg8zOCREWAm5
16,0.65,0.715,-5.198,0.253,0.000291,0.187,106.672,0.0993,5,0,4,1IHWl5LamUGEuP4ozKQSXZ
17,0.824,0.764,-4.175,0.0854,0.00294,0.881,107.998,0.0888,5,0,4,6Uj1ctrBOjOas8xZXGqKk4
18,0.449,0.585,-6.761,0.0268,8.75e-05,0.212,139.631,0.0509,5,1,4,6nek1Nin9q48AVZcWs9e9D
19,0.789,0.706,-4.233,0.0429,1.71e-05,0.638,125.911,0.112,11,0,4,2ENexcMEMsYk0rVJigVD3i
20,0.726,0.787,-2.494,0.0737,0.0,0.888,124.99,0.009,4,1,4,4cluDES4hQEUhmXj6TXkSo
21,0.671,0.939,-3.206,0.161,0.0,0.53,129.024,0.191,8,1,4,4QNpBfC0zvjKqPJcyqBy9W
22,0.856,0.609,-7.223,0.0824,8.15e-05,0.928,114.988,0.00801,0,1,4,32OlwWuMpZ6b0aN2RZOeMS
23,0.755,0.837,-2.718,0.142,0.0,0.714,120.028,0.0991,2,0,4,0HPD5WQqrq7wPWR7P7Dw1i
24,0.591,0.764,-5.484,0.0483,0.0,0.478,169.928,0.0383,1,1,4,567e29TDzLwZwfDuEpGTwo
25,0.733,0.67,-6.009,0.0751,0.0,0.472,100.964,0.121,5,1,4,0O6u0VJ46W86TxN9wgyqDj
26,0.673,0.886,-4.44,0.0431,0.0,0.795,97.012,0.185,1,0,4,4HlFJV71xXKIGcU3kRyttv
27,0.631,0.927,-2.787,0.0332,0.119,0.465,123.962,0.199,9,0,4,0azC730Exh71aQlOt9Zj3y
28,0.768,0.714,-5.11,0.0401,0.0,0.842,131.443,0.352,10,1,4,5YqEzk3C5c3UZ1D5fJUlXA
29,0.712,0.862,-4.612,0.0378,0.0,0.809,95.051,0.0525,5,0,4,6ECp64rv50XVz93WvxXMGF
30,0.727,0.974,-2.261,0.0664,0.000532,0.965,79.526,0.103,4,0,4,2PpruBYCo4H7WOBJ7Q2EwM
31,0.702,0.825,-3.787,0.0601,0.0,0.915,102.977,0.00883,6,0,4,5nujrmhLynf4yMoMtj8AQF
32,0.676,0.771,-3.675,0.0483,7e-06,0.569,99.048,0.0237,8,1,4,3jjujdWJ72nww5eGnfs2E7
33,0.807,0.893,-3.745,0.0347,2.79e-05,0.537,126.011,0.0451,11,0,4,3rmo8F54jFF8OgYsqTxm5d
34,0.672,0.655,-5.021,0.0311,0.0,0.556,134.945,0.0362,10,0,4,6Qn5zhYkTa37e91HC1D7lb
35,0.774,0.753,-5.446,0.0517,0.0,0.896,119.002,0.152,4,0,4,76hfruVvmfQbw0eYn1nmeC
36,0.581,0.963,-4.087,0.0981,0.0,0.788,129.992,0.0295,11,1,4,3cHyrEgdyYRjgJKSOiOtcS
37,0.596,0.854,-5.114,0.463,0.0,0.152,120.274,0.0169,7,0,4,2iUXsYOEPhVqEBwsqP70rE
38,0.768,0.864,-6.145,0.0324,0.0,0.891,110.008,0.101,11,1,4,1Je1IMUlBXcx1Fz0WE7oPT
39,0.762,0.766,-3.955,0.0343,6.98e-05,0.442,130.001,0.00776,7,1,4,5fwSHlTEWpluwOM0Sxnh5k
40,0.707,0.924,-2.842,0.031,0.00703,0.919,127.937,0.000972,7,1,4,1gihuPhrLraKYrJMAEONyc
41,0.714,0.728,-4.595,0.0468,0.0,0.901,114.996,0.298,10,1,4,1qEmFfgcLObUfQm0j1W2CK
42,0.874,0.692,-5.28,0.0431,7.24e-05,0.937,116.017,0.0412,5,0,4,55h7vJchibLdUkxdlX3fK7
43,0.526,0.749,-6.964,0.0283,1.76e-06,0.421,99.982,0.023,3,1,4,754kgU5rWscRTfvlsuEwFp
44,0.697,0.683,-2.881,0.117,0.0,0.603,96.133,0.0372,1,0,4,2BgEsaKNfHUdlh97KmvFyo
45,0.769,0.684,-5.019,0.0411,0.000125,0.835,127.972,0.0105,1,1,4,7ySUcLPVX7KudhnmNcgY2D
46,0.721,0.802,-5.797,0.0583,0.0,0.724,124.022,0.0921,1,1,4,2bJvI42r8EF3wxjOuDav4r
47,0.677,0.696,-6.181,0.119,0.0,0.464,90.03,0.321,0,1,4,4iJyoBOLtHqaGxP12qzhQI
48,0.764,0.705,-3.463,0.0284,8.92e-05,0.781,110.97,0.259,8,1,4,3DarAbFujv6eYNliUTyqtz
49,0.663,0.861,-3.398,0.109,0.0,0.654,119.963,0.0338,7,0,4,4356Typ82hUiFAynbLYbPn
50,0.484,0.731,-6.694,0.0379,0.0,0.51,101.654,0.431,1,1,4,3JvrhDOgAt6p7K8mDyZwRd
51,0.835,0.669,-5.582,0.0643,6.92e-05,0.542,122.668,0.0336,6,0,4,0ByMNEPAPpOR5H69DVrTNy
52,0.647,0.822,-4.662,0.183,0.0,0.962,160.019,0.219,5,0,4,60nZcImufyMA1MKQY3dcCH
53,0.72,0.791,-4.689,0.124,0.0,0.756,102.071,0.0384,1,1,4,6FE2iI43OZnszFLuLtvvmg
54,0.746,0.765,-4.41,0.0993,0.0,0.737,114.044,0.0112,6,0,4,5QDLhrAOJJdNAmCTJ8xMyW
55,0.794,0.811,-8.966,0.038,1.07e-06,0.862,116.047,0.0426,6,0,4,2Foc5Q5nqNiosCNqttzHof
56,0.641,0.922,-4.457,0.0786,0.0,0.847,146.078,0.0291,2,1,4,3bidbhpOYeV4knp8AIu8Xn
57,0.747,0.937,-5.746,0.0453,0.0,0.739,103.976,0.0208,0,1,4,3bC1ahPIYt1btJzSSEyyrF
58,0.892,0.714,-6.055,0.141,0.000234,0.817,100.972,0.201,4,0,4,1AWQoqb9bSvzTjaLralEkT
59,0.902,0.582,-5.902,0.109,3.18e-06,0.332,107.005,0.111,5,0,4,0wHFktze2PHC5jDt3B17DC
60,0.717,0.455,-8.303,0.0276,0.0,0.389,127.812,0.0846,5,1,4,2ixsaeFioXJmMgkkbd4uj1
61,0.737,0.846,-4.51,0.22,0.0,0.546,87.981,0.00614,1,0,4,0e8nrvls4Qqv5Rfa2UhqmO
62,0.694,0.712,-3.923,0.046,0.0,0.799,98.023,0.132,7,0,4,1rIKgCH4H52lrvDcz50hS8
63,0.765,0.523,-4.333,0.03,3.56e-05,0.394,104.988,0.184,2,1,4,1rfofaqEpACxVEHIZBJe6W
64,0.608,0.86,-5.324,0.0554,0.0,0.437,127.075,0.0991,5,0,4,1NpW5kyvO4XrNJ3rnfcNy3
65,0.854,0.806,-8.262,0.0886,0.0542,0.637,124.927,0.0209,11,0,4,20on25jryn53hWghthWWW3
66,0.735,0.766,-4.485,0.0383,0.00138,0.6,127.985,0.025,1,1,4,0U10zFw4GlBacOy9VDGfGL
67,0.704,0.636,-6.029,0.0252,0.0,0.89,111.845,0.0344,9,1,4,7aQjPecQdIuNd1sz3KCDhD
68,0.73,0.777,-5.194,0.0496,0.000478,0.575,130.0,0.105,3,0,4,3C0nOe05EIt1390bVABLyN
69,0.731,0.867,-5.881,0.032,0.0,0.776,104.019,0.0395,11,1,4,3cfOd4CMv2snFaKAnMdnvK
70,0.673,0.758,-3.632,0.158,0.0,0.542,135.956,0.039,7,1,4,0Hf4aIJpsN4Os2f0y0VqWl
71,0.673,0.902,-2.392,0.0346,0.000262,0.538,100.012,0.0591,2,1,4,5Hroj5K7vLpIG4FNCRIjbP
72,0.7,0.709,-5.006,0.0838,0.0,0.624,122.019,0.0048,7,1,4,1gv4xPanImH17bKZ9rOveR
73,0.616,0.869,-3.911,0.0327,0.0,0.473,127.966,0.0283,0,1,4,6ebkx7Q5tTxrCxKq4GYj0Y
74,0.779,0.64,-8.415,0.159,0.00077,0.498,99.019,0.000155,7,1,4,4TsmezEQVSZNNPv5RJ65Ov
75,0.727,0.739,-3.805,0.0411,0.00137,0.533,93.005,0.365,8,1,4,2Xr1dTzJee307rmrkt8c0g
76,0.842,0.734,-5.065,0.0588,0.0,0.952,137.958,0.0427,1,0,4,22vgEDb5hykfaTwLuskFGD
77,0.624,0.876,-3.374,0.1,0.0,0.781,99.943,0.0735,9,1,4,0afhq8XCExXpqazXczTSve
78,0.706,0.786,-3.417,0.091,0.0,0.751,150.028,0.26,0,0,4,0puf9yIluy9W0vpMEUoAnN
79,0.545,0.78,-4.867,0.0436,4.64e-05,0.458,125.014,0.0309,7,0,4,4lhqb6JvbHId48OUJGwymk
80,0.602,0.843,-4.831,0.0593,5.27e-05,0.526,128.003,0.000688,0,1,4,190jyVPHYjAqEaOGmMzdyk
81,0.636,0.815,-5.098,0.0581,0.0,0.636,123.063,0.0185,5,0,4,5tf1VVWniHgryyumXyJM7w
82,0.706,0.89,-4.444,0.0688,0.00286,0.684,128.011,0.0588,1,0,4,2LEF1A8DOZ9wRYikWgVlZ8
83,0.766,0.563,-7.516,0.0339,0.683,0.964,126.007,0.0263,9,0,4,3E7ZwUMJFqpsDOJzEkBrQ7
84,0.762,0.661,-6.075,0.0687,0.0,0.769,130.009,0.15,1,0,4,1hGy2eLcmC8eKx7qr1tOqx
85,0.851,0.806,-4.62,0.0787,1.64e-06,0.787,118.999,0.118,4,1,4,5R8dQOPq8haW94K7mgERlO
86,0.765,0.837,-3.113,0.032,1.06e-05,0.721,122.028,0.00107,1,0,4,0KAiuUOrLTIkzkpfpn9jb9
87,0.727,0.68,-4.498,0.0286,0.0,0.728,132.012,0.0101,2,1,4,6cmm1LMvZdB5zsCwX5BjqE
88,0.688,0.702,-4.792,0.0499,0.0,0.74,94.006,0.0215,7,0,4,6Knv6wdA0luoMUuuoYi2i1
89,0.792,0.717,-4.759,0.0393,3.59e-05,0.466,121.985,0.0927,0,0,4,1A8j067qyiNwQnZT0bzUpZ
90,0.754,0.763,-4.627,0.0435,2.23e-05,0.464,117.953,0.0301,7,0,4,18asYwWugKjjsihZ0YvRxO
91,0.632,0.856,-3.463,0.0348,0.0,0.867,119.397,0.0624,10,1,4,3Fzlg5r1IjhLk2qRw667od
92,0.61,0.83,-4.105,0.0571,0.0,0.728,182.162,0.033,0,1,4,2Rk4JlNc2TPmZe2af99d45
93,0.812,0.879,-10.998,0.0397,0.224,0.962,129.991,0.0167,1,0,4,5ZrDlcxIDZyjOzHdYW1ydr
94,0.722,0.851,-3.873,0.0639,0.0,0.452,126.885,0.0319,7,0,4,5yDL13y5giogKs2fSNf7sj
95,0.697,0.875,-4.621,0.034,0.0,0.774,140.069,0.137,5,1,4,5r43qanLhUCdBj8HN3fa6B
96,0.759,0.54,-6.039,0.0287,0.0,0.75,116.947,0.037,9,0,4,0TK2YIli7K1leLovkQiNik
97,0.794,0.832,-4.862,0.0407,1.14e-05,0.871,107.657,0.237,1,0,4,2lnzGkdtDj5mtlcOW2yRtG
98,0.652,0.698,-4.667,0.042,0.000115,0.47,96.021,0.00112,10,0,4,5Q0Nhxo0l2bP3pNjpGJwV1
99,0.914,0.622,-6.538,0.0892,1.68e-05,0.77,130.04,0.146,7,1,4,53tfEupEzQRtVFOeZvk7xq
100,0.734,0.874,-3.158,0.0662,1.14e-05,0.905,122.953,0.168,8,1,4,6cx06DFPPHchuUAcTxznu9
101,0.573,0.711,-6.268,0.0406,0.0,0.47,105.006,0.0114,1,0,4,46HNZY1i7O6jwTA7Slo2PI
102,0.622,0.807,-6.752,0.408,0.0,0.892,174.06,0.103,5,0,4,6x4tKaOzfNJpEJHySoiJcs
103,0.578,0.912,-3.929,0.114,0.00362,0.68,127.87,0.0166,1,1,4,40SBS57su9xLiE1WqkXOVr
104,0.534,0.87,-3.078,0.0425,0.0,0.462,126.019,0.000334,11,0,4,0JiY190vktuhSGN6aqJdrt
105,0.699,0.529,-7.548,0.0487,3.59e-05,0.121,119.987,0.0317,2,1,4,3DmW6y7wTEYHJZlLo1r6XJ
106,0.751,0.783,-3.724,0.0859,0.0,0.816,119.975,0.00379,4,1,4,2CEgGE6aESpnmtfiZwYlbV
107,0.672,0.82,-4.456,0.0459,0.000188,0.438,120.005,0.0368,11,1,4,3NZJlJemX3mzjf56MqC5ML
108,0.621,0.785,-4.499,0.11,5.92e-06,0.779,123.96,0.0165,6,1,4,1RF02Cf80mTaeNXG2P2boR
109,0.829,0.51,-9.334,0.0369,0.00143,0.45,119.994,0.00821,5,0,4,1HFfMOxCAT4GAwaPfCdmUs
110,0.56,0.872,-4.269,0.14,6.98e-06,0.682,126.05,0.0239,3,1,4,1kPpge9JDLpcj15qgrPbYX
111,0.697,0.91,-3.92,0.247,0.0,0.623,127.031,0.00271,2,1,4,1ZlHr9FYHT7YTbXCoxPq5C
112,0.744,0.766,-6.375,0.0265,0.0,0.61,127.966,0.0873,0,1,4,2H1047e0oMSj10dgp7p2VG
113,0.601,0.713,-3.758,0.0449,0.0,0.464,122.872,0.0282,4,0,4,1WCEAGGRD066z2Q89ObXTq
114,0.652,0.877,-2.986,0.0465,0.0,0.486,118.491,0.0227,1,1,4,5T7ZFtCcOgkpjxcuaeZbw0
115,0.672,0.578,-6.621,0.0569,0.0,0.548,113.945,0.469,9,1,4,1SN1vSPsr4V4tIUTR3s8YW
116,0.763,0.782,-4.541,0.0346,7.08e-06,0.502,127.034,0.182,7,0,4,3sa06xVNmLLYIxdNNmVQN8
117,0.673,0.735,-4.733,0.0457,0.0,0.754,115.744,0.286,5,1,4,4ofwffwvvnbSkrMSCKQDaC
118,0.853,0.599,-4.756,0.0411,7.93e-06,0.843,119.993,0.00334,7,1,4,0n4bITAu0Y0nigrz3MFJMb
119,0.621,0.82,-4.865,0.0367,0.0,0.452,144.905,0.332,10,1,4,22PMfvdz35fFKYnJyMn077
120,0.787,0.833,-4.403,0.0478,0.00747,0.796,123.97,0.018,8,1,4,6Dy1jexKYriXAVG6evyUTJ
121,0.824,0.587,-6.401,0.0937,0.000105,0.514,98.029,0.69,6,0,4,2N8m6CYs74qQO4mjVcXO30
122,0.652,0.812,-3.797,0.0409,3.01e-05,0.72,126.023,0.00125,3,0,4,3avYqdwHKEq8beXbeWCKqJ
123,0.798,0.675,-5.041,0.0442,0.0,0.842,101.956,0.0912,6,1,4,3HVWdVOQ0ZA45FuZGSfvns
124,0.693,0.678,-7.159,0.0324,5.71e-06,0.404,103.952,0.0151,8,1,4,6oJ6le65B3SEqPwMRNXWjY
125,0.794,0.793,-4.521,0.0842,0.0,0.677,123.941,0.0125,11,0,4,6WrI0LAC5M1Rw2MnX2ZvEg
126,0.598,0.786,-5.572,0.0383,0.0016,0.456,95.019,0.00253,2,1,4,4lIxdJw6W3Fg4vUIYCB0S5
127,0.425,0.954,-3.756,0.0476,0.0,0.933,178.043,0.00414,1,0,4,0Ph6L4l8dYUuXFmb71Ajnd
128,0.822,0.739,-4.541,0.0311,4.26e-05,0.745,118.992,0.0264,1,0,4,2x7MyWybabEz6Y6wvHuwGE
129,0.762,0.863,-3.689,0.0561,0.0,0.965,106.012,0.015,0,0,4,6s8nHXTJVqFjXE4yVZPDHR
130,0.747,0.716,-2.457,0.075,0.0,0.751,125.008,0.135,11,0,4,1oHNvJVbFkexQc0BpQp7Y4
131,0.682,0.72,-8.176,0.0382,0.0,0.649,116.988,0.321,11,0,4,6KL88T4Ma4ABXqzgUoEwkd
132,0.452,0.909,-3.977,0.0366,0.0603,0.805,124.623,0.0313,9,1,4,1v2zyAJrChw5JnfafSkwkJ
133,0.756,0.697,-6.377,0.0401,0.0,0.956,94.996,0.182,8,1,4,2DB4DdfCFMw1iaR6JaR03a
134,0.633,0.673,-6.403,0.258,0.0,0.659,86.776,0.297,6,0,4,2M9ULmQwTaTGmAdXaXpfz5
135,0.719,0.798,-4.582,0.0361,2.34e-06,0.591,120.011,0.0162,10,1,4,5jzKL4BDMClWqRguW5qZvh
136,0.776,0.875,-5.535,0.0575,0.0,0.849,111.988,0.0343,4,1,4,6rmXhRIemCTPyMYZRDN7Qg
137,0.583,0.732,-5.728,0.0457,9.86e-06,0.276,145.992,0.00312,11,0,4,6hmhG1b4LEyNuashVvuIAo
138,0.778,0.566,-6.959,0.0311,0.000197,0.479,117.971,0.672,2,0,4,3c8iiZGfEammKJuWTErE5x
139,0.867,0.517,-13.222,0.0875,0.000339,0.866,133.148,0.00456,11,0,4,1B75hgRqe7A4fwee3g3Wmu
140,0.634,0.69,-7.804,0.052,0.0,0.645,94.988,0.0771,6,1,4,6OtCIsQZ64Vs1EbzztvAv4
141,0.595,0.784,-4.878,0.102,0.0,0.479,124.111,0.216,1,1,4,5K6Ssv4Z3zRvxt0P6EKUAP
142,0.869,0.555,-5.984,0.0454,0.0,0.738,112.003,0.137,5,1,4,1qYKWcEOrh2tM8PlgIm8K1
143,0.794,0.711,-5.124,0.0699,0.0,0.955,174.915,0.3,8,0,4,1ExfPZEiahqhLyajhybFeS
144,0.707,0.629,-4.581,0.0563,1.6e-05,0.457,122.863,0.259,0,0,4,1x5sYLZiu9r5E43kMlt9f8
145,0.815,0.518,-6.594,0.0897,0.0,0.877,151.891,0.223,7,0,4,1tNJrcVe6gwLEiZCtprs1u
146,0.836,0.743,-6.305,0.0653,0.0,0.723,108.965,0.0974,10,0,4,6HMtHNpW6YPi1hrw9tgF8P
147,0.706,0.751,-6.323,0.0708,0.0,0.195,91.031,0.173,9,1,4,5vlEg2fT4cFWAqU5QptIpQ
148,0.738,0.794,-4.118,0.0416,0.0,0.566,104.014,0.101,11,0,4,7jEyX4bqaCSdMN4D4JNnVj
149,0.669,0.832,-5.721,0.0682,0.0,0.7,113.035,0.0106,0,1,4,1WkMMavIMc4JZ8cfMmxHkI
0,0.796,0.798,-6.312,0.0317,4.19e-05,0.942,116.032,0.034,1,1,4,6zSpb8dQRaw0M1dK8PBwQz
1,0.747,0.867,-7.311,0.088,0.00413,0.684,124.015,0.582,0,1,4,3YgtkOxZsTuaZdL8McA1FQ
2,0.739,0.586,-5.079,0.0472,0.000252,0.444,124.026,0.0245,10,0,4,1bgKMxPQU7JIZEhNsM1vFs
3,0.687,0.818,-4.221,0.0778,0.0,0.886,125.952,0.0112,0,1,4,7MIhUdNJtaOnDmC5nBC1fb
4,0.454,0.931,-4.083,0.0321,0.000623,0.462,137.945,0.238,11,1,4,3YfGTvsTAWGC2lgoDOikUz
5,0.578,0.912,-3.929,0.114,0.00362,0.68,127.87,0.0166,1,1,4,40SBS57su9xLiE1WqkXOVr
6,0.644,0.879,-5.204,0.0761,6.91e-06,0.808,126.935,0.00423,6,0,4,6xp1u6ZEHXX8DxJIFFrVoP
7,0.665,0.738,-5.931,0.0379,0.00598,0.0389,125.037,0.0124,0,0,4,3nEHrvNNtgLv9rneTAYVr4
8,0.621,0.785,-4.499,0.11,5.92e-06,0.779,123.96,0.0165,6,1,4,1RF02Cf80mTaeNXG2P2boR
9,0.747,0.616,-9.76,0.0324,0.116,0.908,131.975,0.176,3,0,4,5u4hhtZ7f4rWkMZEZcTKrH
10,0.763,0.782,-4.541,0.0346,7.08e-06,0.502,127.034,0.182,7,0,4,3sa06xVNmLLYIxdNNmVQN8
11,0.736,0.906,-7.589,0.048,0.585,0.698,137.001,0.164,0,1,4,39JofJHEtg8I4fSyo7Imft
12,0.747,0.822,-6.373,0.0721,0.132,0.578,129.994,0.00353,3,0,4,787Y2idwCU2Rk60Prv4wpr
13,0.571,0.937,-3.365,0.033,3.71e-05,0.607,148.979,0.0337,6,1,4,3JlHRjPt2TNB9h7VFf0im2
14,0.73,0.907,-3.72,0.0606,0.114,0.249,120.968,0.0921,2,1,4,2cSdAkzAf2T4j4aLvx4LLz
15,0.686,0.892,-3.186,0.0498,7.11e-06,0.752,126.03,0.0577,10,0,4,2LxdNADWier3MKTei8FbOY
16,0.689,0.788,-4.978,0.084,0.0,0.656,122.968,0.07,8,1,4,1M8U7UHu9rhwumTu8IrqeD
17,0.628,0.997,-1.7,0.0706,0.0101,0.158,127.963,0.031,2,1,4,2f2dRxjiUOoV5qhZFbnVO6
18,0.733,0.96,-3.597,0.0295,0.00199,0.811,124.01,0.0514,7,1,4,0vR2rIVORmgeKiGIgNT0fV
19,0.643,0.714,-5.504,0.0486,2.85e-06,0.205,120.027,0.00444,2,0,4,1GL7vwDnPqCnJ2xGNxNLwG
20,0.643,0.585,-5.994,0.0369,0.0,0.188,106.015,0.225,2,1,4,21H0pUV2uPIPcFnFhgTBjo
21,0.621,0.747,-5.084,0.0337,0.000194,0.426,124.015,0.222,11,1,4,3LEgGAl9zLcQWGTp7ptqtQ
22,0.679,0.762,-4.253,0.0316,0.23,0.511,105.407,0.00469,10,0,4,0L3XCv9i9IHs8cJEVhsJ3J
23,0.673,0.839,-6.787,0.0373,0.416,0.24,125.03,0.0177,9,0,4,5OLSGox6JVpAyEQuoSYRcs
24,0.573,0.736,-6.882,0.0435,0.0,0.185,126.014,0.0616,11,1,4,3ec1mgb7R6yhRvzp3DaTus
25,0.539,0.708,-6.189,0.0976,0.0,0.381,123.039,0.0129,5,1,4,0JpEMzTHbt2zBIXrntrXzG
26,0.773,0.74,-8.169,0.0386,0.00183,0.504,124.014,0.0627,7,0,4,4CUX44NA1CPEzd0ibMLQsL
27,0.69,0.847,-4.565,0.0374,0.041,0.49,124.015,0.0145,6,1,4,1ap4zdsBydWPSXJqDBqtNL
28,0.602,0.823,-5.392,0.0714,0.0,0.518,126.034,0.0119,6,0,4,09rcsC6M15EZPbCVmrqUYK
29,0.53,0.807,-5.348,0.147,2.75e-06,0.263,127.991,0.000532,6,1,4,1Kmth9jEjaymopjSRBmtkz
30,0.75,0.797,-4.826,0.118,0.0,0.523,105.949,0.293,0,1,4,4RAR8g8fZNB106ezUurnE0
31,0.692,0.856,-2.963,0.0351,1.15e-05,0.963,125.99,0.0746,1,0,3,0QZyAYqpbsfnBfZ4vMRSVd
32,0.677,0.732,-5.028,0.031,0.227,0.242,126.018,0.0113,7,0,4,587xXusqiMW9gSXkNK8Zxf
33,0.878,0.875,-4.923,0.0658,3.42e-05,0.84,124.006,0.0507,1,1,4,7g7OshelYRRnOSEMmisJVI
34,0.785,0.86,-5.902,0.0368,0.179,0.787,130.013,0.00013,7,1,4,33o5QF5ZEAllqV4jDnRYu7
35,0.588,0.804,-5.594,0.0428,0.0,0.381,124.055,0.00265,6,1,4,2DVvsgWrZ4rUjupdRGYEXK
36,0.683,0.977,-2.582,0.106,0.0109,0.884,129.996,0.00372,6,0,4,5zA3gMIFlgnhNQj39GcTqE
37,0.636,0.936,-2.65,0.0729,0.0,0.415,124.034,0.177,7,0,4,4qtdkdTY1t3RmlmSbWykzR
38,0.817,0.876,-7.485,0.046,0.199,0.671,131.022,0.0332,8,0,4,0hJfuyUwtEYMlGgvr3nzz9
39,0.648,0.775,-4.798,0.0694,0.0,0.371,128.072,0.0561,5,1,4,46E2xeKBLrxS8hJ37Gq35G
40,0.738,0.936,-3.451,0.219,0.707,0.27,127.022,0.00151,4,0,4,5jOhS3S7vTj9yQ4UmEk8qj
41,0.591,0.921,-5.572,0.0656,0.00512,0.436,140.063,0.00261,11,0,4,3aNxfCcd9EohIxKmcQv1zn
42,0.624,0.966,-3.155,0.041,4.84e-06,0.758,124.984,0.0729,6,0,4,5MnmuLgPmsAFkmG5n85cna
43,0.691,0.906,-4.458,0.171,0.0,0.657,119.978,0.072,0,1,4,7j57nadsCph2KI9eYuaum8
44,0.8,0.771,-6.638,0.123,0.0,0.886,118.991,0.0531,10,0,4,4WIaDYUIlXsHi4yMF596aI
45,0.706,0.77,-6.224,0.0653,1.84e-05,0.967,117.075,0.397,10,0,4,5kyJ6sznnWACqHbw65p34Q
46,0.821,0.781,-4.465,0.0397,0.0191,0.434,137.017,0.00563,0,1,4,4iAADGCKIR9GkLGvAHfZUS
47,0.699,0.785,-5.082,0.264,0.0289,0.642,126.106,0.0184,8,1,4,3D3fw7H4zK3S6prSBncAkt
48,0.601,0.879,-2.673,0.0353,0.0,0.589,124.013,0.0313,2,0,4,6oYXbji1rn7U6bFuNYekpQ
49,0.687,0.924,-7.324,0.0361,0.228,0.931,126.018,0.0707,9,0,4,1Rnx52PUuhrLrj306hOZHb
50,0.812,0.796,-10.548,0.0356,0.921,0.961,125.976,0.00826,8,1,4,5krhFNgUcYHwXlNPJJYzFM
51,0.692,0.846,-5.72,0.0559,2.91e-05,0.827,124.007,0.0194,8,1,4,3FN7IJMnUMWZXDw08ix3ot
52,0.782,0.728,-6.568,0.146,7.9e-05,0.602,122.035,0.00245,5,1,4,3yZsBXwiQkqLjnWYip17Uu
53,0.716,0.853,-3.254,0.03,0.000268,0.593,124.014,0.00812,9,0,4,6p8uRRGziFLcA3QDvWxEPM
54,0.712,0.796,-6.325,0.0486,1.44e-05,0.605,125.994,0.0422,0,1,4,5yPEJ4UF90Km4KmLl2h4EE
55,0.728,0.95,-4.216,0.0977,0.00386,0.812,124.003,0.0055,11,0,4,2hLczPN5CH5qhc6J4WBJHs
56,0.657,0.816,-4.819,0.168,0.0,0.584,120.092,0.101,0,0,4,4xWyU0pUsm25vh4v4omUkC
57,0.65,0.801,-5.624,0.0764,0.00239,0.605,125.008,0.0257,8,0,4,28pQcTJag5xFasUq2fw9PK
58,0.678,0.931,-5.813,0.0867,0.0275,0.346,130.021,0.00159,5,1,4,2sLVs5iX0osogh4jcsAJkv
59,0.567,0.865,-5.482,0.0674,0.0026,0.509,126.996,0.0449,2,1,4,5PXZlm9dBDA8dBXxle5Da8
60,0.629,0.917,-2.095,0.0964,0.0,0.627,124.024,0.0273,6,0,4,1TytykMo9zFzNdRbqTxfep
61,0.596,0.743,-4.149,0.0302,2.37e-06,0.531,125.883,0.0696,6,1,4,3wfNiPBrzDwuanE75Ar6pS
62,0.668,0.85,-4.327,0.0698,5.93e-05,0.796,123.064,0.0014,11,0,4,7wkTF8cHGCurrfNATqvJLc
63,0.777,0.737,-5.86,0.0351,0.379,0.891,123.993,0.0421,11,0,4,0LbZxI8FZU1E48EqF9XgC0
64,0.831,0.632,-5.727,0.0421,0.00247,0.419,120.01,0.00838,1,1,4,67uiBfnqH39zmGWU63NxhS
65,0.534,0.714,-6.347,0.0629,0.0,0.415,125.99,0.00633,6,0,4,6bp0sJ0l3Ab3ZU0aktsYCf
66,0.786,0.718,-6.292,0.04,0.000977,0.525,123.951,0.00519,0,0,4,102rhgJ5PEFt62e0PumSF2
67,0.803,0.935,-4.915,0.032,0.191,0.738,124.008,0.0145,4,0,4,05QGJav2nGJ9qdQ3vG9A9t
68,0.737,0.837,-6.448,0.054,0.0,0.575,118.998,0.223,4,0,4,6iZ2inFhxOuHKxOlTwwhZq
69,0.653,0.978,-4.868,0.0589,0.714,0.756,122.017,0.0151,9,0,4,1BMFet4vUoOgpLYIl3kVMQ
70,0.566,0.689,-5.326,0.119,0.0,0.337,140.163,0.0914,11,0,4,1IYlFAw4SThAoRx5DWwAjT
71,0.788,0.945,-5.091,0.0599,2.97e-06,0.466,128.036,0.223,9,1,4,50ZFpw2wS6ERvLmW8TINhq
72,0.558,0.715,-5.231,0.0375,0.0,0.297,127.001,0.0667,9,1,4,4UQy41kC5LjzwQuiuWOpwA
73,0.737,0.682,-4.2,0.0383,0.00916,0.393,126.028,0.0714,7,0,4,6oELcspL4BONtElLhJfBPI
74,0.763,0.684,-6.776,0.136,0.000182,0.745,129.063,0.0756,11,1,4,0cTDPvlLlj1T3WwUMzX6Uq
75,0.727,0.822,-4.481,0.0471,0.000175,0.855,118.092,0.0698,5,0,4,4KqA0GwEKbc96WyfIZn3SV
76,0.809,0.765,-4.758,0.0484,0.327,0.613,128.005,0.069,1,1,1,0FBdJP7yzvq88bG1keGgt4
77,0.61,0.765,-4.914,0.172,1.05e-06,0.243,125.028,0.175,3,1,4,6a8LfgC5aAaHNhsQcGQY1r
78,0.768,0.896,-3.501,0.0969,0.0,0.829,109.959,0.0152,6,0,4,5PQFmB2xhRkJTUWDKccBoP
79,0.853,0.804,-4.829,0.0497,1.54e-06,0.29,120.03,0.0323,7,1,4,1gRBmiwyf7vRj2MNRvngqQ
80,0.764,0.84,-4.311,0.0596,0.0777,0.67,126.03,0.00834,5,1,4,7qhFWlQpahKJT9LcL6qTH4
81,0.75,0.85,-5.925,0.0501,0.00351,0.877,122.04,0.0451,7,0,4,7sMYJtxTHZKCDr48rAoA4J
82,0.648,0.795,-5.67,0.0433,0.0,0.364,100.032,0.0275,0,1,4,326yOKaTPs91elL1KW794F
83,0.865,0.752,-6.565,0.053,0.0,0.922,117.981,0.0409,6,1,4,3qiC3jOnRNvOxD4m0erBRs
84,0.645,0.889,-4.333,0.0394,0.000241,0.175,123.057,0.06,5,1,4,1TRmgkGE0EdfjjAovbMpTk
85,0.668,0.943,-4.333,0.0977,0.00102,0.341,122.983,0.00887,9,0,4,0LOjVJaTDqXyu37cjUYpT2
86,0.662,0.794,-4.239,0.0533,0.0,0.641,104.951,0.171,6,1,4,3pBv3LfvfPft2TqHleqKHo
87,0.681,0.727,-8.106,0.0547,0.000197,0.551,124.997,0.000708,11,0,4,2GAIcRjMNkAiLaoXbNm0VW
88,0.641,0.788,-5.817,0.05,0.0,0.782,147.947,0.149,5,1,4,7hmdTvWQgw2p8aG26MIdCO
89,0.624,0.94,-3.671,0.163,0.00409,0.882,128.014,0.000983,11,0,4,20b1ZBMGOZjuGvNFncIIP7
90,0.692,0.845,-5.928,0.0543,0.0639,0.158,123.014,0.0116,7,0,4,5d3Wbdgw3zIf8B5eGXznLL
91,0.765,0.672,-8.114,0.0377,0.348,0.342,126.02,0.00948,11,1,4,7Iv0928rZ28KjivhAJPqfC
92,0.537,0.964,-2.677,0.0552,0.00138,0.509,125.992,0.018,5,0,4,2w1rG2MPE4vF77znvevuz5
93,0.572,0.951,-4.566,0.0504,0.0529,0.276,123.984,0.00373,6,0,4,5PY9fTLp4MPXsbeRouS8gd
94,0.584,0.955,-4.197,0.0507,0.00243,0.486,128.04,0.101,7,0,4,0KG7XrgM20KEmJrKsyFDAm
95,0.563,0.83,-3.765,0.0365,0.0,0.41,129.948,0.022,5,1,4,2KTO4mRnARHCqXhV8f6MBj
96,0.566,0.704,-8.003,0.0752,3.25e-05,0.429,124.933,0.0461,11,0,4,4uoSxzvEVMcDsIK0aHZFAv
97,0.648,0.843,-6.695,0.033,0.0723,0.745,124.996,0.0567,2,0,4,2MAjcMaiYJdwFT3oAYLo03
98,0.672,0.881,-3.142,0.0447,0.0,0.68,122.012,0.0588,9,0,4,41za80kTVaQpZwtPfPtPYB
99,0.776,0.614,-7.666,0.0488,0.0,0.43,120.003,0.18,2,1,4,7kEh6jNlJOAhC0lv6XV3iw
100,0.774,0.851,-6.621,0.0438,0.03,0.463,130.023,0.0346,0,1,4,1EdmLWe4HDbrw5CM0bOnxS
101,0.688,0.91,-4.496,0.0456,1.07e-05,0.77,119.024,0.00286,0,0,4,1BXAyGazbybUVNQ0VmGsdl
102,0.663,0.971,-3.014,0.0771,0.00379,0.683,132.049,0.0204,4,1,4,17E3lZxFJnO49Gb0tdgVn0
103,0.666,0.906,-4.938,0.0446,0.000346,0.659,120.94,0.0196,0,1,4,2KN5wY5R4gXbka8wB2kXh8
104,0.803,0.764,-5.233,0.0387,0.000703,0.614,122.014,0.0339,5,1,4,3lWQgPeo8TrZZQT4qPScxg
105,0.725,0.824,-6.398,0.0445,0.655,0.598,124.049,0.00527,4,0,4,2BoPkeahovHxCSfmmlEl26
106,0.631,0.942,-2.98,0.0373,2.31e-06,0.451,124.944,0.0155,4,1,4,69wzXH2xyoQCaMydQ45rUt
107,0.58,0.895,-5.224,0.0396,0.0117,0.356,116.953,0.099,3,0,4,1SldN7GTd0ADTjspv96wCl
108,0.48,0.952,-3.643,0.246,0.0286,0.634,131.956,0.0966,11,0,4,2gTF3yPxvDpW2EAYbOVeIt
109,0.614,0.837,-6.504,0.0397,0.0631,0.0524,122.958,0.0266,2,1,4,1cVOEbvsf7N9Su4kZXFcYB
110,0.633,0.901,-6.741,0.0474,0.21,0.506,130.058,0.00484,6,1,4,2ODIVQXwaezpchs1LGE4CV
111,0.613,0.882,-4.963,0.0449,0.0,0.255,125.975,0.0223,5,0,4,2TSU0Ti5e5beL9mYlHbYQu
112,0.705,0.938,-2.684,0.0753,3.26e-06,0.614,127.971,0.0256,9,1,4,1UNYQXk8b0GPbupETN4IHL
113,0.87,0.532,-7.101,0.0951,8.65e-05,0.358,121.986,0.127,7,0,4,5w7sO0tWXMmctwKnJZu24v
114,0.713,0.81,-5.108,0.0457,0.0,0.747,124.036,0.115,0,1,4,7kG1Lv9NFFtvvUeyYHLG7R
115,0.658,0.908,-8.071,0.186,0.0198,0.45,123.92,0.0335,4,0,4,5kVXjAxYDkN57tZQi0JKya
116,0.674,0.924,-4.943,0.102,6.09e-06,0.811,123.04,0.0143,0,0,4,0yM2YvOGR3cBIoWBeFdtmS
117,0.601,0.947,-6.398,0.0468,0.000584,0.669,132.987,0.00322,10,1,4,4z2ZZU3skkejktx83PbKiR
118,0.521,0.927,-4.63,0.036,0.0138,0.0429,128.05,0.00307,10,1,4,0KU8W0lHfsNlH7lfV1dz29
119,0.764,0.654,-8.372,0.0385,0.386,0.579,120.036,0.205,2,1,4,2tMIzKu3vXQzvbDShxjbmu
120,0.686,0.814,-6.122,0.036,0.000196,0.48,123.002,0.00896,6,0,4,4peF3yGZAZfeOFDahi6Ig5
121,0.72,0.908,-3.467,0.0745,0.00716,0.916,127.896,0.00133,0,0,4,7quk6gEs1XOu8LOO6iaDZJ
122,0.502,0.554,-5.788,0.0317,0.0,0.512,125.786,0.0353,10,1,4,6wnzt59p7i8cAyuWl1avwr
123,0.67,0.73,-4.677,0.145,0.00104,0.367,123.978,0.0742,7,1,4,19awxNpyrGWGkM6wT6ULEi
124,0.401,0.786,-6.455,0.055,0.0065,0.264,134.87,0.367,1,0,4,6VpRQDOM7nQ6viuVUSXWGn
125,0.755,0.896,-7.18,0.119,0.701,0.267,124.999,0.0024,9,0,4,5ozhK7GvUKSNSr1LrclYM2
126,0.487,0.878,-4.733,0.11,4.17e-05,0.327,126.137,0.0117,2,1,4,7kQusuDe5nkQqqa6xMKFGF
127,0.687,0.939,-5.836,0.114,0.0275,0.301,130.037,0.0399,1,0,4,7t7ozrjWAqQPyvBZPoVbdQ
128,0.637,0.947,-5.116,0.0361,0.678,0.562,126.003,0.0602,1,1,4,3uD3HzG6tO8lWUIKtJKcxA
129,0.558,0.883,-4.463,0.0368,0.0,0.307,123.918,0.0256,5,1,4,0pMD1V0QbqSD7RhJmxDDJ9
130,0.784,0.879,-4.846,0.0567,0.4,0.501,127.983,0.00562,2,1,4,0TAIIxetpsMUEPOHZkQO9J
131,0.474,0.777,-6.516,0.0639,0.00367,0.8,121.941,0.138,9,1,4,5ugYo7xM632grP29JqjxZa
132,0.373,0.824,-5.554,0.0421,0.0,0.43,123.948,0.0131,9,1,4,39GX8fhLrxiPcNAMgZhWUa
133,0.713,0.849,-7.776,0.0674,7.72e-05,0.373,123.988,0.275,11,1,4,5p0aallQlnYrQmHI10BASz
134,0.587,0.826,-5.728,0.148,0.000131,0.274,122.02,0.0134,8,1,4,7cujJQPxdHeDz5mKLmv0bu
135,0.601,0.711,-4.353,0.0611,0.0,0.512,127.948,0.0808,3,0,4,3LR2EPyj36gxYgCYbC0au0
136,0.702,0.731,-5.193,0.0556,0.00022,0.541,125.034,0.0148,10,0,4,3NQ2JBHK5OAzblu8z5KUVj
137,0.747,0.712,-5.73,0.0651,0.172,0.327,124.008,0.0576,7,0,4,5OlgbvkngYf6dibaafcqcO
138,0.693,0.845,-3.27,0.0348,1.84e-06,0.498,125.009,0.0127,9,1,4,1h4zfNDe8UapUvTuaDsTuM
139,0.639,0.878,-4.041,0.091,7.31e-06,0.842,124.994,0.00937,3,1,4,0KF938333oCvIXDxe72K44
140,0.708,0.836,-5.887,0.0649,0.0303,0.844,129.969,0.00803,2,0,4,0pIlTYYCiY7FcTunLkEjUb
141,0.554,0.93,-4.646,0.0768,0.535,0.431,126.015,0.0024,5,0,4,4MyPLcBTpqfXZJKcUhMXOg
142,0.631,0.841,-4.284,0.0434,0.00049,0.366,124.998,0.0306,5,1,4,5Yg3kRGlB8UB6Sa8Fq4njc
143,0.768,0.861,-3.44,0.0666,0.354,0.725,125.997,0.0276,1,0,4,3IfCmk4YbYwaOqtsd4iZqm
144,0.51,0.833,-3.857,0.0602,0.768,0.701,126.978,0.00224,0,1,4,3uO4nLDiJMH2DkixEFcHIN
145,0.668,0.725,-6.345,0.0685,0.00227,0.352,100.016,0.00674,5,1,4,0ccnGefiTLZYOdHTB7ut1D
146,0.602,0.831,-5.462,0.136,0.0,0.401,138.09,0.0288,0,1,4,2iMkjgaR9bg6lZrjIcrZj5
147,0.792,0.779,-6.61,0.0604,4.54e-05,0.76,120.004,0.065,1,0,4,22t8PQeP5klRoguomM4wZp
148,0.713,0.906,-2.299,0.14,6.31e-05,0.733,124.033,0.0176,1,1,4,6aEtOtuVYBDfR07qJm8wB3
149,0.646,0.769,-4.911,0.0409,1.27e-05,0.275,126.123,0.0105,6,1,4,1AhiOzObMBqfonJDKtirj9
0,0.567,0.758,-7.76,0.065,0.823,0.287,172.049,0.539,4,1,4,501Cc7uHAE8rUkE1ey5P5k
1,0.804,0.325,-7.839,0.0828,0.86,0.813,92.033,0.591,4,0,4,6EmXNRPhpf4ZSqVXkJqUiH
2,0.783,0.4,-8.558,0.0414,0.894,0.424,87.996,0.871,8,1,4,7GIBH22qY9MFfnoZZtBn4P
3,0.808,0.547,-7.97,0.0608,0.876,0.505,80.039,0.388,5,1,4,5wTr5jU2T9JIkvP3TdJNaL
4,0.739,0.277,-14.284,0.12,0.893,0.638,84.985,0.841,7,1,4,6lAh5CErP733AMCPR83AUB
5,0.717,0.621,-5.628,0.102,0.765,0.702,163.953,0.0511,8,1,4,1pzOWECKHnMy5UrKeJduNB
6,0.833,0.271,-10.017,0.0551,0.896,0.857,85.0,0.813,5,0,4,4HKdPsYjadAjbyExkfHckS
7,0.669,0.605,-7.379,0.0818,0.659,0.456,175.951,0.514,11,0,4,08WZNyUHHNTRPC10hFGonN
8,0.738,0.328,-12.498,0.0473,0.888,0.352,90.04,0.757,11,1,4,4VlopfgRJ11tEPbSTM7XoC
9,0.553,0.395,-16.693,0.109,0.926,0.487,79.975,0.818,11,1,4,2NDAiSSorPzaQ7i5sx4dDI
10,0.746,0.473,-11.555,0.067,0.65,0.515,83.013,0.699,8,1,4,56YXAsG8CaTI1XCaHlpLIw
11,0.726,0.277,-11.501,0.0462,0.915,0.687,99.996,0.7,7,1,4,5TkKcXv3hkVsVKAc3x4Xjz
12,0.793,0.301,-10.789,0.0803,0.949,0.39,90.01,0.902,9,0,4,1H86TtgCH7wlztTQjIJCXo
13,0.616,0.536,-9.727,0.0403,0.946,0.199,139.862,0.885,0,1,4,1Cqj266QvBLBNNhRFfupDj
14,0.781,0.354,-8.968,0.0953,0.946,0.763,159.949,0.722,4,0,4,4NFpLeNabRQZa5ri80KRcA
15,0.681,0.456,-9.956,0.0554,0.461,0.316,90.0,0.816,6,1,4,0fgfMLWGx2JzJ7CSByfBH9
16,0.712,0.293,-12.192,0.0715,0.786,0.413,77.08,0.845,0,0,4,6UFRV34euOz5X7sCfJgGyV
17,0.811,0.538,-9.875,0.159,0.918,0.794,80.058,0.82,1,0,4,0X574TlCOR4SEtcg9tU8IC
18,0.774,0.461,-9.117,0.0545,0.902,0.668,92.553,0.639,0,1,4,4SWNsSXHBxrwaOr4yP8xV5
19,0.55,0.299,-8.047,0.0511,0.903,0.178,164.087,0.424,4,1,4,2TixM05WePykQVfmxs1ojS
20,0.531,0.325,-14.37,0.153,0.975,0.341,80.007,0.852,9,1,4,2TdkjlncY2p0VM4HxavJY9
21,0.795,0.566,-5.939,0.153,0.935,0.701,169.983,0.5,1,1,4,7GtYYBupIPtnzdmviZyLfR
22,0.652,0.48,-15.453,0.041,0.811,0.507,84.992,0.83,10,1,4,22vdcp24KUkLemk06PCpIP
23,0.684,0.222,-14.83,0.0561,0.81,0.112,81.006,0.799,11,0,4,7kwAL5UuICpQmqDZolVacx
24,0.604,0.197,-15.12,0.0469,0.935,0.243,89.889,0.934,3,0,4,5kh6cDKfut5E1J8mP8dX0Y
25,0.76,0.482,-9.272,0.0988,0.796,0.296,74.988,0.287,1,0,4,7lVQF7EPlV3AK3AFqCklp6
26,0.47,0.297,-6.979,0.0535,0.933,0.337,77.375,0.926,10,1,1,2s32Bxpb4A6O4tn8ya6Xst
27,0.575,0.604,-6.93,0.364,0.827,0.515,180.166,0.874,0,1,4,4U5WqVdkISyQaKIlAOICAt
28,0.748,0.589,-7.938,0.0827,0.514,0.669,79.951,0.0349,2,1,4,4gEpB17YYmSOiSzqlkrMRW
29,0.748,0.363,-11.747,0.0727,0.635,0.525,89.99,0.304,8,0,4,5A4HO3cB7QFH1pJio7eJPN
30,0.685,0.529,-10.362,0.106,0.89,0.363,79.981,0.34,2,1,4,6FVL1EGTz7nWEzuUz6VpvF
31,0.522,0.211,-14.701,0.0481,0.594,0.0651,75.035,0.834,11,1,4,6viw5SPvjIBuAhqp8iL6hq
32,0.499,0.625,-7.418,0.0469,0.954,0.654,84.908,0.734,0,0,4,7HWM9W8rJ6Hj4sCGecvZCh
33,0.761,0.571,-7.708,0.062,0.868,0.893,150.036,0.365,1,1,4,1GcYL0osnHdo5j7PW3ufFs
34,0.488,0.335,-8.596,0.0683,0.906,0.256,224.536,0.602,8,1,1,3uxcX73X3YZlaGVeKzECjE
35,0.59,0.636,-9.569,0.0318,0.885,0.853,165.954,0.353,8,0,4,1X6Y4v1seN9P8uUj2VAwMr
36,0.766,0.152,-20.757,0.0587,0.861,0.248,140.091,0.838,8,1,4,4JXO0SJBFMKAVwRi5IJwFj
37,0.762,0.648,-9.949,0.0471,0.401,0.968,85.07,0.0321,8,1,4,0uTkC8q1PBpdco61GYuCNs
38,0.831,0.198,-16.467,0.337,0.74,0.164,83.983,0.943,0,1,4,7peXxoGUQw6hVftcKNIN6J
39,0.687,0.614,-6.017,0.0838,0.874,0.219,94.99,0.176,9,0,4,7ugkcHNMy9tjov6VMmLoKg
40,0.906,0.437,-6.721,0.435,0.871,0.809,90.052,0.0289,3,0,4,6fFFwljnWIsEHUVmqsfIJA
41,0.614,0.423,-10.965,0.0332,0.892,0.651,87.969,0.0404,6,1,4,6CEfKrDJPDNKHvnCcQjfkd
42,0.858,0.862,-8.433,0.101,0.891,0.809,99.994,0.0036,4,0,4,536t7TfyQE85kKEkjtIAe3
43,0.749,0.284,-10.731,0.113,0.937,0.669,75.006,0.871,0,0,4,12Wq2oMs3cC5X4kLib48AX
44,0.651,0.354,-12.098,0.0977,0.446,0.481,136.029,0.222,1,1,3,3pb6lOqe10g5OXtTyZA3Vb
45,0.627,0.14,-16.782,0.0832,0.861,0.508,163.898,0.968,2,1,4,74HsEuxWpgnH0osQ3LT7UP
46,0.782,0.423,-10.292,0.0544,0.846,0.314,159.988,0.438,7,0,4,2D6U1ScmjRJ5QLrYhMCQDe
47,0.828,0.407,-9.976,0.367,0.762,0.491,170.034,0.199,0,1,4,5zNXoNQMHEQYegSTnfn5Jo
48,0.758,0.331,-12.932,0.0859,0.786,0.706,80.012,0.698,0,0,4,4O7Tbtvbf1U25lMhkBa2wd
49,0.705,0.501,-8.953,0.288,0.0393,0.542,166.33,0.453,11,0,4,4BfOkMlyoev0VEN5ClXMby
50,0.651,0.625,-10.125,0.0437,0.949,0.357,159.978,0.867,4,0,4,10yzr6JwWrvxVuJnFKSe6B
51,0.827,0.291,-14.533,0.0494,0.869,0.171,89.993,0.604,11,1,3,6Cg95Z9BbsoylM4DKPF0qu
52,0.669,0.477,-9.158,0.124,0.897,0.122,83.73,0.574,11,0,4,4l9tBmE0kfF7pHQ0BavAGB
53,0.663,0.492,-8.873,0.216,0.544,0.388,169.996,0.38,2,1,4,7LiU8KqXyhzNOKaEZQncG5
54,0.651,0.791,-10.33,0.0775,0.899,0.467,89.983,0.659,6,1,4,1hc4YKpgFFFbK6YMuDXTnu
55,0.747,0.571,-6.985,0.119,0.888,0.71,89.96,0.0264,10,0,4,4FTWqP9PgQ24kmVctCWREf
56,0.706,0.229,-9.964,0.218,0.924,0.353,85.975,0.792,0,1,4,6gdDUUOVAlv1iIywKDRHZE
57,0.801,0.329,-9.571,0.306,0.852,0.406,87.942,0.311,6,0,4,2D2dkAz0unaWMCgSadf7Yp
58,0.799,0.484,-8.4,0.0907,0.916,0.552,87.02,0.722,11,0,4,2LWBOPGmgxCI9awFaBN5JL
59,0.726,0.369,-10.117,0.049,0.84,0.726,80.018,0.841,0,0,4,6qeMnGssbQmFZQ4NA9NPT2
60,0.797,0.263,-13.089,0.106,0.786,0.379,80.014,0.576,6,0,4,1tNwm7phOIMzGC1VO9Dggr
61,0.551,0.35,-12.139,0.061,0.93,0.374,68.018,0.806,0,1,4,1QNezn0xbaGoNsMiSNNJeO
62,0.543,0.602,-10.862,0.0646,0.867,0.527,84.985,0.00768,1,1,4,69oebUHeibzbgcD1MUsSsl
63,0.755,0.368,-12.653,0.172,0.839,0.616,146.0,0.117,5,1,4,6dtGKLkb3KjWffRKNDfrYu
64,0.404,0.322,-16.105,0.282,0.92,0.358,68.665,0.901,9,1,4,5tiP9vXHi7Z12WkGyup8zV
65,0.741,0.301,-11.255,0.0601,0.907,0.604,78.87,0.91,11,1,4,1kcXids1llWtkF7wTQ8HfL
66,0.726,0.607,-12.829,0.0878,0.903,0.814,169.951,0.783,6,0,4,68kgY2W1t6P0UcRcwZH0OP
67,0.716,0.485,-13.413,0.111,0.831,0.543,77.759,0.52,9,0,4,0cAx7XcK0FgWXNr2FD7xhc
68,0.672,0.757,-4.826,0.224,0.842,0.482,90.981,0.484,10,1,4,3EK9wi1Guh6qmKuPbjGKIC
69,0.766,0.659,-11.221,0.0943,0.925,0.626,81.988,0.954,3,1,4,5vMkAdCEgGVbPqmyFR9fB8
70,0.827,0.452,-9.352,0.049,0.96,0.672,89.989,0.803,7,0,4,0a2LxXM7I3nkbpz229aZeJ
71,0.721,0.557,-13.489,0.125,0.897,0.466,90.03,0.328,9,0,4,5ueBL4PSEp7B7TInLXxhFA
72,0.828,0.342,-10.22,0.0789,0.742,0.888,145.987,0.36,8,0,4,3OzKdBTO77CznB7mmxWheV
73,0.443,0.534,-6.601,0.0482,0.913,0.491,87.163,0.307,5,0,4,5swljGcGse2QRMLWji89yv
74,0.689,0.343,-8.091,0.0522,0.928,0.263,84.984,0.831,0,1,4,7CzwNHiknbQ5p7IinDOYwU
75,0.754,0.416,-14.061,0.0639,0.624,0.41,177.966,0.448,11,1,1,0eNvXPtQVgJbv0z8P1kzMi
76,0.591,0.54,-13.829,0.0366,0.879,0.565,95.987,0.319,4,0,4,5P4K1RXoqxuLalYxSQqgbA
77,0.77,0.473,-13.439,0.0772,0.752,0.315,168.018,0.283,2,0,4,3mBRiP2zOZZYBYenkbeHC4
78,0.721,0.487,-9.519,0.144,0.855,0.537,78.055,0.671,2,0,4,3QGeVTGNN77x4oQcUneQp5
79,0.846,0.167,-15.462,0.0515,0.782,0.335,90.008,0.826,3,0,4,7xMO3gsf52QohpGmPzBZgt
80,0.805,0.353,-12.347,0.0608,0.823,0.732,76.976,0.246,10,0,4,3FInpBbpMTFvx5P4zxJY8B
81,0.911,0.542,-13.108,0.0681,0.881,0.819,137.992,0.261,5,1,4,0UaZdtHWKecTHVOXlg2iHT
82,0.517,0.566,-9.49,0.0817,0.915,0.33,77.536,0.878,9,0,4,67ZzZ5axS4vv3HKb4052Ju
83,0.81,0.625,-7.757,0.111,0.879,0.675,88.985,0.674,5,1,4,1zvls0maQeLYZyIJwynbD1
84,0.783,0.37,-16.137,0.285,0.869,0.446,81.998,0.357,2,0,4,6DSf9cKxl9MS4hz4WjdBeq
85,0.748,0.627,-4.52,0.0742,0.868,0.52,82.004,0.845,7,0,4,7G4scWFcZcwVE1jRLuXLsf
86,0.763,0.783,-5.1,0.221,0.858,0.512,83.022,0.162,10,1,4,41V8oTrxIWOK9orYM2Aihk
87,0.656,0.672,-7.775,0.348,0.799,0.464,165.005,0.766,10,1,4,6b1YS18G8w8lxOWh7oD9rx
88,0.687,0.254,-10.445,0.0426,0.938,0.38,77.027,0.904,11,1,4,53ycakt4shH4wnZveJnagh
89,0.921,0.325,-8.343,0.0869,0.119,0.824,130.037,0.45,11,0,4,3TZ29GfSdOsQM7PYE6ROi8
90,0.915,0.664,-8.146,0.133,0.00352,0.513,150.152,0.33,2,0,4,3FxsIVEcew8ZHUXwEKTHpw
91,0.67,0.425,-8.684,0.0881,0.899,0.504,83.679,0.375,11,0,4,1OBQNbhJ8jysbZFnL4FnRB
92,0.734,0.17,-14.505,0.125,0.833,0.397,174.007,0.815,10,1,4,2WDwph9TcprpYQZkXUOaoI
93,0.66,0.219,-12.694,0.109,0.88,0.329,79.986,0.883,1,1,4,4XRWyxfFJQvJ62KubqR1Lr
94,0.505,0.443,-12.969,0.195,0.881,0.285,84.954,0.958,6,1,4,4zHwaIFk44nYXCN8tWkIue
95,0.576,0.33,-12.071,0.238,0.81,0.37,63.935,0.445,7,1,4,69Q3BvKjpIeCJkCcvPxs7R
96,0.8,0.306,-7.781,0.0416,0.859,0.559,90.013,0.358,9,1,4,6KEA0AhFQUafaUwQtw3VkR
97,0.845,0.4,-10.378,0.263,0.0086,0.488,175.902,0.643,10,0,4,2P13zPH8pL1bde7NvGI97V
98,0.691,0.469,-10.506,0.0458,0.912,0.414,79.994,0.936,6,1,4,2JpV38QF3kF1n4yfrX7Wa7
99,0.658,0.449,-14.113,0.0507,0.87,0.628,82.034,0.0522,3,1,4,5v4j4LiqW49SnYAwnJugw5
100,0.693,0.831,-4.265,0.132,0.879,0.319,82.007,0.236,11,1,4,2gRsbCDGfo7dz5MIeQZ04n
101,0.637,0.842,-4.713,0.0289,0.968,0.933,90.051,0.379,6,1,4,7F2Wan2OgGz9XB7oEBNQYO
102,0.719,0.469,-8.591,0.0819,0.594,0.182,169.975,0.269,5,0,4,0FtlCHERRq4C7hrgIqhIpJ
103,0.558,0.227,-9.879,0.0804,0.844,0.261,116.28,0.447,1,0,3,2AXqiVRL9dhZ47IDPiGR6H
104,0.834,0.364,-9.951,0.114,0.695,0.593,85.534,0.774,1,1,4,2ScMY1kpX6MZTeSBsOYtg5
105,0.726,0.461,-12.083,0.0284,0.824,0.34,126.994,0.0712,5,1,4,6hYRpvUvPlwJdXv1EtQiNz
106,0.758,0.381,-8.404,0.145,0.92,0.502,90.015,0.646,5,0,4,3yMiFGPgp7t7xvvm84Ji4j
107,0.703,0.375,-13.361,0.0385,0.694,0.676,87.988,0.0502,0,1,4,4W0IrD2VVLwxfsAgevJRgD
108,0.442,0.671,-10.52,0.0955,0.54,0.588,176.021,0.432,0,0,4,0FeZHrVcF4dJ664G38Qfb8
109,0.655,0.621,-13.083,0.0269,0.92,0.759,100.022,0.629,5,0,4,6Ags8HBI6GXgKzeR4iwrHz
110,0.729,0.636,-9.117,0.189,0.408,0.587,170.045,0.483,2,1,4,54G7nglEzYJdrIfCcur3El
111,0.79,0.457,-16.482,0.0863,0.886,0.576,102.021,0.724,10,0,4,69Go42QZw7dC2Ehl0pZhCi
112,0.69,0.261,-10.479,0.0469,0.95,0.531,88.021,0.775,2,1,4,4RHR237B71Bwl8ldOa2Jyi
113,0.727,0.469,-8.025,0.0419,0.944,0.591,96.996,0.306,6,1,4,5ZmTz0zMu1ENE9ksmNKuBi
114,0.651,0.613,-7.47,0.0297,0.889,0.516,89.997,0.301,9,0,4,0eb3ipy85WFgCcV0JZFL7y
115,0.846,0.295,-14.342,0.0864,0.752,0.716,79.971,0.437,0,1,4,3WOVGisKBJAaab268pcVSw
116,0.777,0.374,-11.997,0.067,0.922,0.529,150.046,0.869,9,1,4,0TisGOx1QUhgqRLRJntfwe
117,0.81,0.288,-8.961,0.0995,0.85,0.363,72.978,0.751,0,1,4,55G7LzvJNYZJiPFitg1g4y
118,0.776,0.347,-11.312,0.0606,0.772,0.225,149.899,0.419,7,0,4,4PqKF4AvWgQLDh7hUYdYtc
119,0.729,0.387,-12.048,0.0633,0.801,0.452,150.01,0.495,5,0,4,2oYlPGxZPPd6jer8rHO2mr
120,0.766,0.284,-10.905,0.0337,0.433,0.322,88.379,0.16,8,1,4,2Cs8pewxtu9mdHvX1eC64P
121,0.718,0.646,-8.211,0.275,0.234,0.812,80.233,0.457,8,0,4,1gr9Risxpt6BfHdu5VxtAx
122,0.818,0.448,-9.342,0.161,0.919,0.637,79.976,0.786,9,1,4,3Gzs37SLuzINUby4IAD0Hs
123,0.851,0.237,-10.349,0.235,0.884,0.699,81.995,0.187,6,1,4,4FO8ygXmPAxWeU8xX0JiVT
124,0.729,0.522,-6.309,0.0515,0.91,0.386,80.015,0.855,6,1,4,6NT3drJc597TCEIK8LMFka
125,0.827,0.382,-13.004,0.0584,0.921,0.701,140.194,0.341,11,0,4,6S1uhrWCT8WFV6z8f5P8Va
126,0.675,0.477,-11.497,0.0459,0.656,0.896,90.004,0.183,5,1,4,2J8gE4IMrJhOpKad0UgM25
127,0.667,0.652,-10.379,0.0476,0.815,0.514,149.995,0.513,5,1,4,6uA5tWVvj13MGLNxhHGxhr
128,0.649,0.11,-16.499,0.396,0.821,0.858,180.099,0.548,0,0,3,7K6XMQzUNiLQ3NIhCqBwU4
129,0.418,0.287,-9.749,0.0583,0.914,0.687,76.948,0.854,5,0,4,3t3KBPlKEIxUtk3h0DNQJn
130,0.586,0.655,-6.943,0.0575,0.813,0.501,160.04,0.591,9,1,3,493ggrfPQoWAiW3ewJBGRt
131,0.838,0.321,-12.505,0.0796,0.772,0.514,92.419,0.543,10,0,4,1uqbepnCPGf5eZZFKDKvQG
132,0.765,0.569,-9.715,0.0657,0.829,0.456,90.002,0.284,2,1,4,59KFxZW9JsG5ZCImfl037l
133,0.743,0.44,-14.213,0.0924,0.879,0.732,147.921,0.215,2,1,4,2Pb6ZuEm6FEfcGlqhHuqPN
134,0.796,0.411,-9.928,0.0366,0.915,0.337,81.01,0.936,6,0,4,65q3kfyuiECf7SyL4lL0oO
135,0.686,0.499,-10.212,0.0306,0.203,0.515,97.088,0.141,11,1,4,1Q6Yq87dBVj1BYaiOsjKph
136,0.623,0.19,-24.368,0.0538,0.93,0.253,78.014,0.886,2,1,4,2U93rBs3yVtgaXzsB0gvhr
137,0.694,0.4,-5.946,0.0499,0.793,0.683,89.975,0.913,1,0,4,40gdXSYMmhTw2TvD8J1TdY
138,0.666,0.399,-10.911,0.0511,0.759,0.248,84.015,0.243,10,1,4,51pGm8SzomGrEjBKzGQnYQ
139,0.807,0.256,-20.061,0.0527,0.673,0.576,98.99,0.677,6,0,4,5YAr1nEOeBQLsrqntj7Nyz
140,0.785,0.276,-10.876,0.364,0.884,0.808,160.099,0.189,9,1,4,0Dl6gERwFQMIEl2br6Dmcn
141,0.754,0.422,-12.66,0.294,0.215,0.517,160.227,0.0463,9,1,4,7uJKZCjiHRAde6xQm2Kx0Q
142,0.836,0.381,-10.25,0.0759,0.926,0.67,160.044,0.837,0,1,4,6T1zioLOmigDyfB3wyX2x6
143,0.728,0.642,-8.593,0.0743,0.845,0.838,89.977,0.572,11,1,4,7CFOFPykUPagxBUwa7D0AQ
144,0.744,0.577,-7.334,0.0582,0.583,0.211,146.062,0.742,10,1,4,5Wkh4tytIpCave04bDIr58
145,0.852,0.345,-13.822,0.202,0.928,0.879,85.04,0.735,7,1,4,5tjs8JIPAWEMXXt5WKSZbX
146,0.79,0.311,-9.712,0.186,0.832,0.139,146.033,0.441,0,1,4,4OY35K0SrR9HPqsEnAwt1b
147,0.785,0.476,-6.634,0.0522,0.894,0.544,86.979,0.18,8,0,4,04zAxdQmKHREESSIcHRF3K
148,0.684,0.441,-8.85,0.0737,0.919,0.403,163.999,0.894,2,0,4,52A1HqtgXF8ZFKTbX7UpFr
149,0.865,0.5,-10.715,0.0659,0.783,0.967,84.982,0.929,11,1,4,4b7vbNg9x0cgHjquvvhhZC
150,0.77,0.466,-8.411,0.15,0.863,0.752,100.052,0.377,2,0,4,5k1E56NzUXs2ikHijAmPtS
151,0.696,0.531,-6.782,0.0407,0.762,0.564,85.004,0.544,10,1,4,1Udz46QwM232xCfaGo4jZq
152,0.757,0.679,-9.74,0.0864,0.828,0.374,103.016,0.619,10,0,4,6nE6Gdm1JlMSS3mFfW2158
153,0.741,0.322,-12.015,0.0558,0.88,0.257,89.016,0.0613,11,0,4,3CIEoCUzOaYZ8lfuShGiU7
154,0.677,0.546,-9.937,0.0822,0.625,0.213,85.008,0.412,1,1,4,6H1OU7JVRSNaZXrVU6JQnt
155,0.629,0.414,-13.698,0.278,0.753,0.422,165.651,0.245,6,1,4,2CPrRvxxnaiSgujFmCsS82
156,0.735,0.367,-16.874,0.161,0.862,0.699,179.908,0.806,0,1,4,0uUfB7ntFR7lPofeqayndv
157,0.785,0.37,-8.834,0.152,0.75,0.785,69.96,0.894,1,1,4,2L388X897NmPNNiv6cuHUC
158,0.773,0.455,-12.827,0.0345,0.927,0.833,144.121,0.624,7,1,4,1yJR8z4s4lASBJ4wfMG8zc
159,0.833,0.33,-9.035,0.213,0.913,0.646,92.95,0.874,0,1,4,2bUGdtSMPBCMN7UMaBZ6u2
160,0.738,0.39,-11.94,0.0618,0.573,0.573,79.963,0.0975,0,0,4,7k2Ak8lgMI78whslvDzelR
161,0.778,0.271,-15.617,0.137,0.895,0.697,90.017,0.143,1,1,4,1y13EMiJqrssIW2zBp9W3b
162,0.559,0.29,-17.113,0.0349,0.675,0.132,80.023,0.876,0,1,4,75rp1L7To7bXQdrGb9e1JS
163,0.815,0.534,-7.975,0.391,0.199,0.543,80.898,0.383,0,1,4,2ZrUwNP8q29wg3VpvMI0t3
164,0.755,0.463,-11.754,0.0587,0.86,0.683,147.921,0.733,4,1,4,1iI5xkHbEOG5wche1o681q
165,0.733,0.321,-7.908,0.428,0.858,0.568,80.09,0.824,0,1,4,4JfGX1IKhN1sUP9IvagzjH
166,0.754,0.333,-10.201,0.0516,0.906,0.6,180.044,0.0116,4,0,4,2IacKGkDuWMKDDAVM3rKiT
167,0.619,0.685,-9.947,0.0544,0.744,0.742,94.015,0.206,1,1,4,6VaO8DOmTT5szsfejEKdgX
168,0.638,0.251,-14.995,0.0485,0.9,0.18,168.053,0.211,2,1,4,2Mhuiai4G6F55u2ABlgTfx
169,0.861,0.496,-7.245,0.0546,0.91,0.311,90.019,0.0702,9,1,4,0mOMXE3tHJqDHw6OmsXs5o
170,0.631,0.46,-8.28,0.167,0.947,0.553,82.244,0.72,2,0,4,17PROObHIS1XhbbG6tRTAn
171,0.71,0.33,-11.957,0.0488,0.759,0.137,89.95,0.613,2,1,4,6eDRVIrffCAnS5ToXJk81e
172,0.585,0.65,-9.54,0.256,0.814,0.67,72.561,0.398,2,1,4,6DVwiQukdfBBjUf2xhJzc6
173,0.779,0.674,-8.359,0.0431,0.884,0.837,83.997,0.623,9,1,4,74zTWV2U5WvSqbOt1l1atE
174,0.699,0.688,-8.048,0.0634,0.804,0.812,167.94,0.474,11,0,4,5AlnC8OAyRCObPgv0clFl0
175,0.667,0.576,-7.194,0.0294,0.797,0.817,96.082,0.00032,1,1,4,3i3aVOWyaNcEMIlnoSilGb
176,0.78,0.586,-10.491,0.0498,0.574,0.522,160.101,0.431,2,1,4,7LnYs3WmQFJvwAKWDHhfws
177,0.741,0.452,-10.592,0.0553,0.823,0.261,87.008,0.362,2,0,4,0mol5d2VyGgrqArkzguhWv
178,0.735,0.398,-5.888,0.0663,0.000233,0.525,79.01,0.0373,5,1,4,5ROGipdo5HwRSp3olANTFa
179,0.765,0.441,-8.573,0.0437,0.906,0.52,139.98,0.0541,0,0,4,3bo0u4LbwBpmyEfJcVP2Nw
180,0.85,0.333,-8.834,0.102,0.892,0.317,82.093,0.697,0,1,4,3gwrmMNE03XPOGf8PikAjX
181,0.703,0.744,-7.869,0.0832,0.733,0.608,93.034,0.681,10,0,4,3YAT7ZuCsfFQCF9DnQCpBB
182,0.748,0.597,-8.709,0.0557,0.86,0.588,85.014,0.88,11,1,4,1WIlD5lBycM71mpmPJEfJY
183,0.657,0.506,-9.847,0.116,0.91,0.295,176.017,0.838,3,0,4,4lv69NLbpOU0A2EACI4bEg
184,0.567,0.363,-9.178,0.251,0.786,0.552,174.074,0.943,4,1,4,6zAnUb1kRf2IyHMC0uIH6i
185,0.726,0.435,-10.104,0.0589,0.901,0.821,78.128,0.352,10,0,4,4CbhVp50fIwZlInji609vC
186,0.927,0.422,-13.495,0.0989,0.857,0.768,120.0,0.615,9,1,4,4aTsPXxE0UJV1kZMmUOBI8
187,0.842,0.77,-11.823,0.34,0.892,0.352,153.925,0.118,6,0,4,7CTGxw6PA0sBp8hV9e9BjQ
188,0.749,0.59,-8.841,0.0428,0.933,0.546,91.019,0.154,4,0,4,34smxR0kezmkToWNFvUEtU
189,0.694,0.395,-8.608,0.0453,0.913,0.312,85.004,0.23,9,0,4,2tZLbIeexd0Wpoa4f9YVEi
190,0.851,0.322,-12.28,0.0625,0.903,0.649,146.028,0.707,7,0,4,2IMBbincKzb9X0N3phueCk
191,0.574,0.562,-7.672,0.0366,0.892,0.23,175.835,0.0113,2,0,3,4MD7x2aG2Tcmx6fXDhC6pI
192,0.705,0.792,-3.485,0.0551,0.617,0.501,87.972,0.309,10,0,4,0tPEPFRjRO9C5dyZX1jurl
193,0.755,0.235,-10.763,0.125,0.792,0.355,79.953,0.977,6,1,4,6NGD01CPuqp51bQaqsFt7K
194,0.736,0.305,-9.568,0.0924,0.81,0.544,83.972,0.713,0,1,4,444lm679kTAXCPTaccUjRx
195,0.786,0.393,-9.731,0.267,0.88,0.771,84.995,0.291,5,0,4,04hAwr98yuWXu11xY6KHx8
196,0.683,0.334,-12.077,0.0339,0.839,0.184,79.935,0.567,5,1,4,6JKt1yjaWsG3IXNZrvEF55
197,0.63,0.566,-8.244,0.0458,0.855,0.582,138.155,0.0659,4,1,3,0bPfSzjE7X5LUuvdJkv481
198,0.708,0.291,-9.268,0.0528,0.878,0.244,84.999,0.546,9,1,4,1AadAbds0Iy5BwY5VZrhyg
199,0.76,0.534,-11.453,0.113,0.308,0.77,78.997,0.151,0,1,4,3KSfR7RFxDzpXXgVZTpvB2
200,0.765,0.52,-10.397,0.0723,0.935,0.699,85.991,0.645,5,0,4,5dcMlKN1C2ClRibYqMQ9K4
201,0.68,0.491,-8.675,0.0718,0.727,0.932,85.145,0.194,10,0,4,0bnRhmmGCWZAqwGHvjL5TA
202,0.664,0.4,-9.611,0.0285,0.813,0.406,78.016,0.327,1,0,4,11MUQKaRB8LwM5kB5SPGjT
203,0.353,0.444,-11.137,0.0638,0.919,0.115,178.303,0.295,10,1,3,7bjJRSF3xts6D99aJ5DN1X
204,0.674,0.269,-13.459,0.0514,0.902,0.632,85.987,0.896,1,0,4,5goFbQsBMTVrM5eSut1z4n
205,0.771,0.326,-10.485,0.0899,0.94,0.186,79.967,0.777,5,1,4,3t6XG8oYtSiLnvERIgLBMj
206,0.639,0.372,-16.795,0.472,0.906,0.282,71.732,0.96,11,0,3,6PslwiDDiwfIq5iuZ01Pm9
207,0.773,0.581,-11.181,0.464,0.841,0.534,90.724,0.844,2,1,4,4FjKXaAOnpf72mCwlalB6V
208,0.744,0.509,-4.597,0.0472,0.91,0.433,86.985,0.636,5,1,4,1CsyRF8KNY7c9hZezar55d
209,0.564,0.207,-11.813,0.125,0.689,0.198,74.433,0.949,5,0,1,4wNhZBHX5nljSBTCbf4Z0x
0,0.85,0.699,-3.292,0.0776,0,0.915,114.481,0.152,0,1,4,0cVyQfDyRnMJ0V3rjjdlU3
1,0.495,0.691,-4.989,0.0447,0.0033,0.299,123.051,0.0745,10,0,4,0dxp7DyPJEo6JhtnjUtBnN
2,0.744,0.789,-4.876,0.059,0.00144,0.866,116.985,0.0036,9,0,4,4OMJGnvZfDvsePyCwRGO7X
3,0.57,0.756,-3.394,0.0257,0,0.72,91.972,0.0497,5,1,4,5FQ77Cl1ndljtwwImdtjMy
4,0.568,0.827,-3.146,0.0366,0,0.479,94.974,0.0726,2,1,4,64jnWr7d0fgtycXQfyGBo7
5,0.552,0.702,-5.707,0.157,2.06e-05,0.564,169.994,0.117,9,1,4,1BxfuPKGuaTgP7aM0Bbdwr
6,0.711,0.809,-4.389,0.0955,0,0.816,106.017,0.0447,2,0,4,2KslE17cAJNHTsI2MI0jb2
7,0.673,0.722,-3.495,0.0755,0,0.519,117.187,0.0856,3,0,4,5aIVCx5tnk0ntmdiinnYvw
8,0.704,0.797,-5.927,0.0475,0.000745,0.825,139.994,0.0826,0,1,4,4h9wh7iOZ0GGn8QVp4RAOB
9,0.626,0.717,-6.028,0.0381,5.87e-05,0.363,90.081,0.143,7,1,4,36vmaZyO0iAE6FZ7287fg2
10,0.787,0.686,-4.37,0.0339,0,0.836,123.51,0.0893,6,0,4,2Zo1PcszsT9WQ0ANntJbID
11,0.801,0.806,-5.206,0.0381,0.000669,0.802,106.999,0.382,11,1,4,0WtM2NBVQNNJLh6scP13H8
12,0.743,0.837,-7.634,0.0633,2.86e-05,0.378,126.023,0.00288,5,0,4,4ZnkygoWLzcGbQYCm3lkae
13,0.586,0.891,-4.949,0.0456,0,0.759,156.036,0.0129,4,1,4,7reh67rES37v1n9grDX6HO
14,0.637,0.643,-6.571,0.0519,1.8e-06,0.533,97.008,0.13,4,1,4,0V3wPSX9ygBnCm8psDIegu
15,0.78,0.689,-5.668,0.141,9.69e-06,0.642,115.042,0.0368,7,1,4,1xzi1Jcr7mEi9K2RfzLOqS
16,0.61,0.571,-5.649,0.0782,0,0.747,105.01,0.00863,2,1,4,6iF4RgIjDvDqyW13PezSj3
17,0.729,0.763,-4.407,0.0363,1e-06,0.864,126.002,0.033,10,1,4,5iE3eUH2WGCXcE2xr6DEmU
18,0.768,0.714,-5.11,0.0401,0,0.842,131.443,0.352,10,1,4,5YqEzk3C5c3UZ1D5fJUlXA
19,0.838,0.525,-3.562,0.0665,1.92e-06,0.884,144.981,0.345,10,1,4,0QHEIqNKsMoOY5urbzN48u
20,0.714,0.728,-4.595,0.0468,0,0.901,114.996,0.298,10,1,4,1qEmFfgcLObUfQm0j1W2CK
21,0.725,0.221,-11.814,0.0918,7.83e-05,0.521,171.669,0.815,9,1,3,3b1LOYktJgqGoy3QMyhOCk
22,0.72,0.791,-4.689,0.124,0,0.756,102.071,0.0384,1,1,4,6FE2iI43OZnszFLuLtvvmg
23,0.898,0.732,-3.982,0.0427,1.29e-05,0.96,115.955,0.621,7,1,4,6maTPqynTmrkWIralgGaoP
24,0.775,0.662,-7.755,0.0408,0.0648,0.257,112.014,0.117,10,1,4,4nFrcGM7MY1mpoQCC7Kefj
25,0.747,0.867,-7.311,0.088,0.00413,0.684,124.015,0.582,0,1,4,3YgtkOxZsTuaZdL8McA1FQ
26,0.687,0.818,-4.221,0.0778,0,0.886,125.952,0.0112,0,1,4,7MIhUdNJtaOnDmC5nBC1fb
27,0.735,0.651,-9.25,0.112,0.000205,0.476,127.07,0.329,7,0,4,1ACFweuuvf6MHtptObgreR
28,0.584,0.684,-4.314,0.567,9.05e-05,0.72,210.164,0.312,10,0,4,3NRql0A1Ef4RCvT473iqgD
29,0.59,0.867,-4.053,0.0649,0,0.758,89.52,0.00721,4,1,4,0hIDcUm3mJEn4gNo2ocLM5
30,0.697,0.875,-4.621,0.034,0,0.774,140.069,0.137,5,1,4,5r43qanLhUCdBj8HN3fa6B
31,0.954,0.516,-5.817,0.16,7.54e-06,0.624,105.001,0.03,6,1,4,6UN73IYd0hZxLi8wFPMQij
32,0.584,0.915,-3.199,0.11,0.000155,0.57,181.882,0.00686,6,0,4,4vOoQh9MhS9pyrbvc8LyMz
33,0.601,0.713,-3.758,0.0449,0,0.464,122.872,0.0282,4,0,4,1WCEAGGRD066z2Q89ObXTq
34,0.631,0.93,-3.377,0.0887,0,0.947,155.045,0.0496,0,1,4,1KNYCbS2hGara6pzGCa2Ui
35,0.667,0.75,-4.602,0.0906,0.000198,0.486,126.041,0.0746,0,1,4,72yP0DUlWPyH8P7IoxskwN
36,0.701,0.88,-4.56,0.0358,7.33e-06,0.623,124.039,0.182,10,0,4,4q05KbxYZ5JdkmrletgPjF
37,0.792,0.503,-8.044,0.0626,0.00057,0.381,99.97,0.0369,1,1,4,1rrqJ9QkOBYJlsZgqqwxgB
38,0.72,0.715,-4.652,0.04,0.0568,0.357,107.041,0.258,11,1,4,5LYMamLv12UPbemOaTPyeV
39,0.671,0.845,-4.93,0.048,0,0.775,110.056,0.0207,11,0,4,1vYXt7VSjH9JIM5oRRo7vA
40,0.836,0.743,-6.305,0.0656,0,0.722,108.966,0.0995,10,0,4,1PckUlxKqWQs3RlWXVBLw3
41,0.736,0.754,-5.457,0.0443,0.000599,0.648,128.046,0.033,4,1,4,3xY5aYJcdvZX9xQxNd02ku
42,0.636,0.888,-3.889,0.0945,0.000216,0.25,122.032,0.00162,8,1,4,4FWbsd91QSvgr1dSWwW51e
43,0.788,0.906,-5.863,0.0382,0.00283,0.811,128.004,0.0222,10,0,4,5SFCEkybGYmmzKqewtDEaN
44,0.574,0.852,-1.248,0.0397,0,0.501,123.038,0.0529,2,1,4,4zrKN5Sv8JS5mqnbVcsul7
45,0.612,0.862,-2.903,0.037,0,0.354,123.849,0.041,8,1,4,4laAKIq9ZxBCwf99rauPYb
46,0.595,0.784,-4.878,0.102,0,0.479,124.111,0.216,1,1,4,5K6Ssv4Z3zRvxt0P6EKUAP
47,0.621,0.66,-6.208,0.0366,0,0.407,119.937,0.00526,11,0,4,2doTn2LWTKN1Z0lZJG2WQw
48,0.748,0.841,-5.08,0.177,1.33e-06,0.717,123.045,0.00445,7,1,4,5pNFibJLq7dvoDVIIcQBkn
49,0.759,0.646,-7.603,0.12,0,0.445,111.043,0.231,1,1,4,37CoOXIsgF3NzbK1zHZetk
